{
 "type": "FeatureCollection",
 "metadata": {
  "units": "m",
  "extent": [
   -6402,
   -29779,
   15065,
   7078
  ],
  "georef": {
   "origin_lat": 55.42879,
   "origin_lon": 37.58133,
   "rotation_deg": 0.0
  }
 },
 "features": [
  {
   "type": "Feature",
   "id": "s-podolsk",
   "geometry": {
    "type": "Polygon",
    "coordinates": [
     [
      [
       0,
       0
      ],
      [
       800,
       0
      ],
      [
       800,
       500
      ],
      [
       0,
       500
      ],
      [
       0,
       0
      ]
     ]
    ]
   },
   "properties": {
    "id": "s-podolsk",
    "kind": "site",
    "name": "Завод «Подольск»",
    "site_type": "plant",
    "address": "Подольск, промзона",
    "gate": [
     0,
     250
    ],
    "approach": [
     -60,
     250
    ]
   }
  },
  {
   "type": "Feature",
   "id": "b-admin",
   "geometry": {
    "type": "Polygon",
    "coordinates": [
     [
      [
       60,
       380
      ],
      [
       160,
       380
      ],
      [
       160,
       450
      ],
      [
       60,
       450
      ],
      [
       60,
       380
      ]
     ]
    ]
   },
   "properties": {
    "id": "b-admin",
    "kind": "building",
    "name": "Административный корпус",
    "building_type": "office",
    "floors": 3
   }
  },
  {
   "type": "Feature",
   "id": "b-wh1",
   "geometry": {
    "type": "Polygon",
    "coordinates": [
     [
      [
       220,
       300
      ],
      [
       360,
       300
      ],
      [
       360,
       400
      ],
      [
       220,
       400
      ],
      [
       220,
       300
      ]
     ]
    ]
   },
   "properties": {
    "id": "b-wh1",
    "kind": "building",
    "name": "Склад №1",
    "building_type": "warehouse",
    "floors": 1
   }
  },
  {
   "type": "Feature",
   "id": "b-wh2",
   "geometry": {
    "type": "Polygon",
    "coordinates": [
     [
      [
       400,
       300
      ],
      [
       540,
       300
      ],
      [
       540,
       400
      ],
      [
       400,
       400
      ],
      [
       400,
       300
      ]
     ]
    ]
   },
   "properties": {
    "id": "b-wh2",
    "kind": "building",
    "name": "Склад №2 (холодный)",
    "building_type": "warehouse",
    "floors": 1
   }
  },
  {
   "type": "Feature",
   "id": "b-wh3",
   "geometry": {
    "type": "Polygon",
    "coordinates": [
     [
      [
       580,
       300
      ],
      [
       720,
       300
      ],
      [
       720,
       400
      ],
      [
       580,
       400
      ],
      [
       580,
       300
      ]
     ]
    ]
   },
   "properties": {
    "id": "b-wh3",
    "kind": "building",
    "name": "Склад №3",
    "building_type": "warehouse",
    "floors": 1
   }
  },
  {
   "type": "Feature",
   "id": "b-prod1",
   "geometry": {
    "type": "Polygon",
    "coordinates": [
     [
      [
       220,
       80
      ],
      [
       400,
       80
      ],
      [
       400,
       200
      ],
      [
       220,
       200
      ],
      [
       220,
       80
      ]
     ]
    ]
   },
   "properties": {
    "id": "b-prod1",
    "kind": "building",
    "name": "Цех №1",
    "building_type": "production",
    "floors": 2
   }
  },
  {
   "type": "Feature",
   "id": "b-prod2",
   "geometry": {
    "type": "Polygon",
    "coordinates": [
     [
      [
       460,
       80
      ],
      [
       640,
       80
      ],
      [
       640,
       200
      ],
      [
       460,
       200
      ],
      [
       460,
       80
      ]
     ]
    ]
   },
   "properties": {
    "id": "b-prod2",
    "kind": "building",
    "name": "Цех №2",
    "building_type": "production",
    "floors": 2
   }
  },
  {
   "type": "Feature",
   "id": "b-garage",
   "geometry": {
    "type": "Polygon",
    "coordinates": [
     [
      [
       680,
       60
      ],
      [
       770,
       60
      ],
      [
       770,
       160
      ],
      [
       680,
       160
      ],
      [
       680,
       60
      ]
     ]
    ]
   },
   "properties": {
    "id": "b-garage",
    "kind": "building",
    "name": "Гараж и ремзона",
    "building_type": "garage",
    "floors": 1
   }
  },
  {
   "type": "Feature",
   "id": "r-wh1-dock",
   "geometry": {
    "type": "Polygon",
    "coordinates": [
     [
      [
       220,
       300
      ],
      [
       360,
       300
      ],
      [
       360,
       330
      ],
      [
       220,
       330
      ],
      [
       220,
       300
      ]
     ]
    ]
   },
   "properties": {
    "id": "r-wh1-dock",
    "kind": "room",
    "name": "Склад №1: зона отгрузки",
    "building_id": "b-wh1",
    "floor": 1,
    "room_type": "dock"
   }
  },
  {
   "type": "Feature",
   "id": "r-wh1-storage",
   "geometry": {
    "type": "Polygon",
    "coordinates": [
     [
      [
       220,
       330
      ],
      [
       360,
       330
      ],
      [
       360,
       400
      ],
      [
       220,
       400
      ],
      [
       220,
       330
      ]
     ]
    ]
   },
   "properties": {
    "id": "r-wh1-storage",
    "kind": "room",
    "name": "Склад №1: зона хранения",
    "building_id": "b-wh1",
    "floor": 1,
    "room_type": "storage"
   }
  },
  {
   "type": "Feature",
   "id": "r-wh2-dock",
   "geometry": {
    "type": "Polygon",
    "coordinates": [
     [
      [
       400,
       300
      ],
      [
       540,
       300
      ],
      [
       540,
       330
      ],
      [
       400,
       330
      ],
      [
       400,
       300
      ]
     ]
    ]
   },
   "properties": {
    "id": "r-wh2-dock",
    "kind": "room",
    "name": "Склад №2: зона отгрузки",
    "building_id": "b-wh2",
    "floor": 1,
    "room_type": "dock"
   }
  },
  {
   "type": "Feature",
   "id": "r-wh2-storage",
   "geometry": {
    "type": "Polygon",
    "coordinates": [
     [
      [
       400,
       330
      ],
      [
       540,
       330
      ],
      [
       540,
       400
      ],
      [
       400,
       400
      ],
      [
       400,
       330
      ]
     ]
    ]
   },
   "properties": {
    "id": "r-wh2-storage",
    "kind": "room",
    "name": "Склад №2: зона хранения",
    "building_id": "b-wh2",
    "floor": 1,
    "room_type": "storage"
   }
  },
  {
   "type": "Feature",
   "id": "r-wh3-dock",
   "geometry": {
    "type": "Polygon",
    "coordinates": [
     [
      [
       580,
       300
      ],
      [
       720,
       300
      ],
      [
       720,
       330
      ],
      [
       580,
       330
      ],
      [
       580,
       300
      ]
     ]
    ]
   },
   "properties": {
    "id": "r-wh3-dock",
    "kind": "room",
    "name": "Склад №3: зона отгрузки",
    "building_id": "b-wh3",
    "floor": 1,
    "room_type": "dock"
   }
  },
  {
   "type": "Feature",
   "id": "r-wh3-storage",
   "geometry": {
    "type": "Polygon",
    "coordinates": [
     [
      [
       580,
       330
      ],
      [
       720,
       330
      ],
      [
       720,
       400
      ],
      [
       580,
       400
      ],
      [
       580,
       330
      ]
     ]
    ]
   },
   "properties": {
    "id": "r-wh3-storage",
    "kind": "room",
    "name": "Склад №3: зона хранения",
    "building_id": "b-wh3",
    "floor": 1,
    "room_type": "storage"
   }
  },
  {
   "type": "Feature",
   "id": "r-admin-f1-west",
   "geometry": {
    "type": "Polygon",
    "coordinates": [
     [
      [
       60,
       380
      ],
      [
       110,
       380
      ],
      [
       110,
       450
      ],
      [
       60,
       450
      ],
      [
       60,
       380
      ]
     ]
    ]
   },
   "properties": {
    "id": "r-admin-f1-west",
    "kind": "room",
    "name": "Админ. корпус, 1 эт.: западное крыло",
    "building_id": "b-admin",
    "floor": 1,
    "room_type": "lobby"
   }
  },
  {
   "type": "Feature",
   "id": "r-admin-f1-east",
   "geometry": {
    "type": "Polygon",
    "coordinates": [
     [
      [
       110,
       380
      ],
      [
       160,
       380
      ],
      [
       160,
       450
      ],
      [
       110,
       450
      ],
      [
       110,
       380
      ]
     ]
    ]
   },
   "properties": {
    "id": "r-admin-f1-east",
    "kind": "room",
    "name": "Админ. корпус, 1 эт.: восточное крыло",
    "building_id": "b-admin",
    "floor": 1,
    "room_type": "office"
   }
  },
  {
   "type": "Feature",
   "id": "r-admin-f2-west",
   "geometry": {
    "type": "Polygon",
    "coordinates": [
     [
      [
       60,
       380
      ],
      [
       110,
       380
      ],
      [
       110,
       450
      ],
      [
       60,
       450
      ],
      [
       60,
       380
      ]
     ]
    ]
   },
   "properties": {
    "id": "r-admin-f2-west",
    "kind": "room",
    "name": "Админ. корпус, 2 эт.: западное крыло",
    "building_id": "b-admin",
    "floor": 2,
    "room_type": "office"
   }
  },
  {
   "type": "Feature",
   "id": "r-admin-f2-east",
   "geometry": {
    "type": "Polygon",
    "coordinates": [
     [
      [
       110,
       380
      ],
      [
       160,
       380
      ],
      [
       160,
       450
      ],
      [
       110,
       450
      ],
      [
       110,
       380
      ]
     ]
    ]
   },
   "properties": {
    "id": "r-admin-f2-east",
    "kind": "room",
    "name": "Админ. корпус, 2 эт.: восточное крыло",
    "building_id": "b-admin",
    "floor": 2,
    "room_type": "office"
   }
  },
  {
   "type": "Feature",
   "id": "r-admin-f3-west",
   "geometry": {
    "type": "Polygon",
    "coordinates": [
     [
      [
       60,
       380
      ],
      [
       110,
       380
      ],
      [
       110,
       450
      ],
      [
       60,
       450
      ],
      [
       60,
       380
      ]
     ]
    ]
   },
   "properties": {
    "id": "r-admin-f3-west",
    "kind": "room",
    "name": "Админ. корпус, 3 эт.: западное крыло",
    "building_id": "b-admin",
    "floor": 3,
    "room_type": "office"
   }
  },
  {
   "type": "Feature",
   "id": "r-admin-f3-east",
   "geometry": {
    "type": "Polygon",
    "coordinates": [
     [
      [
       110,
       380
      ],
      [
       160,
       380
      ],
      [
       160,
       450
      ],
      [
       110,
       450
      ],
      [
       110,
       380
      ]
     ]
    ]
   },
   "properties": {
    "id": "r-admin-f3-east",
    "kind": "room",
    "name": "Админ. корпус, 3 эт.: восточное крыло",
    "building_id": "b-admin",
    "floor": 3,
    "room_type": "server"
   }
  },
  {
   "type": "Feature",
   "id": "r-prod1-line",
   "geometry": {
    "type": "Polygon",
    "coordinates": [
     [
      [
       220,
       80
      ],
      [
       310.0,
       80
      ],
      [
       310.0,
       200
      ],
      [
       220,
       200
      ],
      [
       220,
       80
      ]
     ]
    ]
   },
   "properties": {
    "id": "r-prod1-line",
    "kind": "room",
    "name": "Цех №1: производственная линия",
    "building_id": "b-prod1",
    "floor": 1,
    "room_type": "production"
   }
  },
  {
   "type": "Feature",
   "id": "r-prod1-stock",
   "geometry": {
    "type": "Polygon",
    "coordinates": [
     [
      [
       310.0,
       80
      ],
      [
       400,
       80
      ],
      [
       400,
       200
      ],
      [
       310.0,
       200
      ],
      [
       310.0,
       80
      ]
     ]
    ]
   },
   "properties": {
    "id": "r-prod1-stock",
    "kind": "room",
    "name": "Цех №1: склад сырья",
    "building_id": "b-prod1",
    "floor": 1,
    "room_type": "storage"
   }
  },
  {
   "type": "Feature",
   "id": "r-prod1-f2",
   "geometry": {
    "type": "Polygon",
    "coordinates": [
     [
      [
       220,
       80
      ],
      [
       400,
       80
      ],
      [
       400,
       200
      ],
      [
       220,
       200
      ],
      [
       220,
       80
      ]
     ]
    ]
   },
   "properties": {
    "id": "r-prod1-f2",
    "kind": "room",
    "name": "Цех №1, 2 эт.: офис мастеров",
    "building_id": "b-prod1",
    "floor": 2,
    "room_type": "office"
   }
  },
  {
   "type": "Feature",
   "id": "r-prod2-line",
   "geometry": {
    "type": "Polygon",
    "coordinates": [
     [
      [
       460,
       80
      ],
      [
       550.0,
       80
      ],
      [
       550.0,
       200
      ],
      [
       460,
       200
      ],
      [
       460,
       80
      ]
     ]
    ]
   },
   "properties": {
    "id": "r-prod2-line",
    "kind": "room",
    "name": "Цех №2: производственная линия",
    "building_id": "b-prod2",
    "floor": 1,
    "room_type": "production"
   }
  },
  {
   "type": "Feature",
   "id": "r-prod2-stock",
   "geometry": {
    "type": "Polygon",
    "coordinates": [
     [
      [
       550.0,
       80
      ],
      [
       640,
       80
      ],
      [
       640,
       200
      ],
      [
       550.0,
       200
      ],
      [
       550.0,
       80
      ]
     ]
    ]
   },
   "properties": {
    "id": "r-prod2-stock",
    "kind": "room",
    "name": "Цех №2: склад сырья",
    "building_id": "b-prod2",
    "floor": 1,
    "room_type": "storage"
   }
  },
  {
   "type": "Feature",
   "id": "r-prod2-f2",
   "geometry": {
    "type": "Polygon",
    "coordinates": [
     [
      [
       460,
       80
      ],
      [
       640,
       80
      ],
      [
       640,
       200
      ],
      [
       460,
       200
      ],
      [
       460,
       80
      ]
     ]
    ]
   },
   "properties": {
    "id": "r-prod2-f2",
    "kind": "room",
    "name": "Цех №2, 2 эт.: офис мастеров",
    "building_id": "b-prod2",
    "floor": 2,
    "room_type": "office"
   }
  },
  {
   "type": "Feature",
   "id": "r-garage-bay",
   "geometry": {
    "type": "Polygon",
    "coordinates": [
     [
      [
       680,
       60
      ],
      [
       770,
       60
      ],
      [
       770,
       160
      ],
      [
       680,
       160
      ],
      [
       680,
       60
      ]
     ]
    ]
   },
   "properties": {
    "id": "r-garage-bay",
    "kind": "room",
    "name": "Ремзона: боксы",
    "building_id": "b-garage",
    "floor": 1,
    "room_type": "repair"
   }
  },
  {
   "type": "Feature",
   "id": "road-main",
   "geometry": {
    "type": "LineString",
    "coordinates": [
     [
      0,
      250
     ],
     [
      790,
      250
     ]
    ]
   },
   "properties": {
    "id": "road-main",
    "kind": "road",
    "name": "Главный проезд",
    "width_m": 12,
    "speed_limit_kmh": 20,
    "road_class": "site"
   }
  },
  {
   "type": "Feature",
   "id": "road-west",
   "geometry": {
    "type": "LineString",
    "coordinates": [
     [
      190,
      30
     ],
     [
      190,
      470
     ]
    ]
   },
   "properties": {
    "id": "road-west",
    "kind": "road",
    "name": "Западный проезд",
    "width_m": 8,
    "speed_limit_kmh": 20,
    "road_class": "site"
   }
  },
  {
   "type": "Feature",
   "id": "road-east",
   "geometry": {
    "type": "LineString",
    "coordinates": [
     [
      790,
      30
     ],
     [
      790,
      470
     ]
    ]
   },
   "properties": {
    "id": "road-east",
    "kind": "road",
    "name": "Восточный проезд",
    "width_m": 8,
    "speed_limit_kmh": 20,
    "road_class": "site"
   }
  },
  {
   "type": "Feature",
   "id": "road-south",
   "geometry": {
    "type": "LineString",
    "coordinates": [
     [
      190,
      30
     ],
     [
      790,
      30
     ]
    ]
   },
   "properties": {
    "id": "road-south",
    "kind": "road",
    "name": "Южный проезд",
    "width_m": 8,
    "speed_limit_kmh": 20,
    "road_class": "site"
   }
  },
  {
   "type": "Feature",
   "id": "road-north",
   "geometry": {
    "type": "LineString",
    "coordinates": [
     [
      190,
      470
     ],
     [
      790,
      470
     ]
    ]
   },
   "properties": {
    "id": "road-north",
    "kind": "road",
    "name": "Северный проезд",
    "width_m": 8,
    "speed_limit_kmh": 20,
    "road_class": "site"
   }
  },
  {
   "type": "Feature",
   "id": "road-dock-wh1",
   "geometry": {
    "type": "LineString",
    "coordinates": [
     [
      290,
      250
     ],
     [
      290,
      290
     ]
    ]
   },
   "properties": {
    "id": "road-dock-wh1",
    "kind": "road",
    "name": "Подъезд к складу №1",
    "width_m": 8,
    "speed_limit_kmh": 10,
    "road_class": "site"
   }
  },
  {
   "type": "Feature",
   "id": "road-dock-wh2",
   "geometry": {
    "type": "LineString",
    "coordinates": [
     [
      470,
      250
     ],
     [
      470,
      290
     ]
    ]
   },
   "properties": {
    "id": "road-dock-wh2",
    "kind": "road",
    "name": "Подъезд к складу №2",
    "width_m": 8,
    "speed_limit_kmh": 10,
    "road_class": "site"
   }
  },
  {
   "type": "Feature",
   "id": "road-dock-wh3",
   "geometry": {
    "type": "LineString",
    "coordinates": [
     [
      650,
      250
     ],
     [
      650,
      290
     ]
    ]
   },
   "properties": {
    "id": "road-dock-wh3",
    "kind": "road",
    "name": "Подъезд к складу №3",
    "width_m": 8,
    "speed_limit_kmh": 10,
    "road_class": "site"
   }
  },
  {
   "type": "Feature",
   "id": "road-prod1",
   "geometry": {
    "type": "LineString",
    "coordinates": [
     [
      310,
      250
     ],
     [
      310,
      200
     ]
    ]
   },
   "properties": {
    "id": "road-prod1",
    "kind": "road",
    "name": "Подъезд к цеху №1",
    "width_m": 8,
    "speed_limit_kmh": 10,
    "road_class": "site"
   }
  },
  {
   "type": "Feature",
   "id": "road-prod2",
   "geometry": {
    "type": "LineString",
    "coordinates": [
     [
      550,
      250
     ],
     [
      550,
      200
     ]
    ]
   },
   "properties": {
    "id": "road-prod2",
    "kind": "road",
    "name": "Подъезд к цеху №2",
    "width_m": 8,
    "speed_limit_kmh": 10,
    "road_class": "site"
   }
  },
  {
   "type": "Feature",
   "id": "road-garage",
   "geometry": {
    "type": "LineString",
    "coordinates": [
     [
      725,
      250
     ],
     [
      725,
      160
     ]
    ]
   },
   "properties": {
    "id": "road-garage",
    "kind": "road",
    "name": "Подъезд к гаражу",
    "width_m": 8,
    "speed_limit_kmh": 10,
    "road_class": "site"
   }
  },
  {
   "type": "Feature",
   "id": "road-parking",
   "geometry": {
    "type": "LineString",
    "coordinates": [
     [
      190,
      110
     ],
     [
      100,
      110
     ]
    ]
   },
   "properties": {
    "id": "road-parking",
    "kind": "road",
    "name": "Въезд на стоянку",
    "width_m": 8,
    "speed_limit_kmh": 10,
    "road_class": "site"
   }
  },
  {
   "type": "Feature",
   "id": "road-podolsk-access",
   "geometry": {
    "type": "LineString",
    "coordinates": [
     [
      -60,
      250
     ],
     [
      0,
      250
     ]
    ]
   },
   "properties": {
    "id": "road-podolsk-access",
    "kind": "road",
    "name": "Выезд с завода на дорогу общего пользования",
    "width_m": 10,
    "speed_limit_kmh": 40,
    "road_class": "site"
   }
  },
  {
   "type": "Feature",
   "id": "z-gate",
   "geometry": {
    "type": "Polygon",
    "coordinates": [
     [
      [
       0,
       230
      ],
      [
       40,
       230
      ],
      [
       40,
       270
      ],
      [
       0,
       270
      ],
      [
       0,
       230
      ]
     ]
    ]
   },
   "properties": {
    "id": "z-gate",
    "kind": "geozone",
    "name": "КПП-1: въездная зона",
    "zone_type": "gate"
   }
  },
  {
   "type": "Feature",
   "id": "z-docks-wh1",
   "geometry": {
    "type": "Polygon",
    "coordinates": [
     [
      [
       220,
       270
      ],
      [
       360,
       270
      ],
      [
       360,
       300
      ],
      [
       220,
       300
      ],
      [
       220,
       270
      ]
     ]
    ]
   },
   "properties": {
    "id": "z-docks-wh1",
    "kind": "geozone",
    "name": "Рампа склада №1",
    "zone_type": "docks"
   }
  },
  {
   "type": "Feature",
   "id": "z-docks-wh2",
   "geometry": {
    "type": "Polygon",
    "coordinates": [
     [
      [
       400,
       270
      ],
      [
       540,
       270
      ],
      [
       540,
       300
      ],
      [
       400,
       300
      ],
      [
       400,
       270
      ]
     ]
    ]
   },
   "properties": {
    "id": "z-docks-wh2",
    "kind": "geozone",
    "name": "Рампа склада №2",
    "zone_type": "docks"
   }
  },
  {
   "type": "Feature",
   "id": "z-docks-wh3",
   "geometry": {
    "type": "Polygon",
    "coordinates": [
     [
      [
       580,
       270
      ],
      [
       720,
       270
      ],
      [
       720,
       300
      ],
      [
       580,
       300
      ],
      [
       580,
       270
      ]
     ]
    ]
   },
   "properties": {
    "id": "z-docks-wh3",
    "kind": "geozone",
    "name": "Рампа склада №3",
    "zone_type": "docks"
   }
  },
  {
   "type": "Feature",
   "id": "z-parking",
   "geometry": {
    "type": "Polygon",
    "coordinates": [
     [
      [
       30,
       40
      ],
      [
       110,
       40
      ],
      [
       110,
       180
      ],
      [
       30,
       180
      ],
      [
       30,
       40
      ]
     ]
    ]
   },
   "properties": {
    "id": "z-parking",
    "kind": "geozone",
    "name": "Стоянка грузовиков",
    "zone_type": "parking"
   }
  },
  {
   "type": "Feature",
   "id": "z-garage-yard",
   "geometry": {
    "type": "Polygon",
    "coordinates": [
     [
      [
       645,
       40
      ],
      [
       795,
       40
      ],
      [
       795,
       175
      ],
      [
       645,
       175
      ],
      [
       645,
       40
      ]
     ]
    ]
   },
   "properties": {
    "id": "z-garage-yard",
    "kind": "geozone",
    "name": "Двор ремзоны",
    "zone_type": "restricted"
   }
  },
  {
   "type": "Feature",
   "id": "z-site-speed",
   "geometry": {
    "type": "Polygon",
    "coordinates": [
     [
      [
       0,
       0
      ],
      [
       800,
       0
      ],
      [
       800,
       500
      ],
      [
       0,
       500
      ],
      [
       0,
       0
      ]
     ]
    ]
   },
   "properties": {
    "id": "z-site-speed",
    "kind": "geozone",
    "name": "Ограничение скорости: завод",
    "zone_type": "speed",
    "speed_limit_kmh": 20
   }
  },
  {
   "type": "Feature",
   "id": "cp-1",
   "geometry": {
    "type": "Point",
    "coordinates": [
     20,
     250
    ]
   },
   "properties": {
    "id": "cp-1",
    "kind": "checkpoint",
    "name": "КПП-1 (транспорт)",
    "checkpoint_type": "vehicle",
    "zone_id": "z-gate"
   }
  },
  {
   "type": "Feature",
   "id": "cp-2",
   "geometry": {
    "type": "Point",
    "coordinates": [
     50,
     415
    ]
   },
   "properties": {
    "id": "cp-2",
    "kind": "checkpoint",
    "name": "КПП-2 (проходная)",
    "checkpoint_type": "pedestrian",
    "zone_id": "b-admin"
   }
  },
  {
   "type": "Feature",
   "id": "cam-gate-in",
   "geometry": {
    "type": "Point",
    "coordinates": [
     25,
     258
    ]
   },
   "properties": {
    "id": "cam-gate-in",
    "kind": "sensor",
    "name": "Камера КПП-1, въезд",
    "sensor_type": "anpr_camera",
    "zone_id": "z-gate",
    "building_id": null,
    "floor": null
   }
  },
  {
   "type": "Feature",
   "id": "cam-gate-out",
   "geometry": {
    "type": "Point",
    "coordinates": [
     25,
     242
    ]
   },
   "properties": {
    "id": "cam-gate-out",
    "kind": "sensor",
    "name": "Камера КПП-1, выезд",
    "sensor_type": "anpr_camera",
    "zone_id": "z-gate",
    "building_id": null,
    "floor": null
   }
  },
  {
   "type": "Feature",
   "id": "acs-kpp2",
   "geometry": {
    "type": "Point",
    "coordinates": [
     60,
     415
    ]
   },
   "properties": {
    "id": "acs-kpp2",
    "kind": "sensor",
    "name": "Турникет КПП-2",
    "sensor_type": "access_control",
    "zone_id": "b-admin",
    "building_id": "b-admin",
    "floor": 1
   }
  },
  {
   "type": "Feature",
   "id": "acs-wh1",
   "geometry": {
    "type": "Point",
    "coordinates": [
     290,
     300
    ]
   },
   "properties": {
    "id": "acs-wh1",
    "kind": "sensor",
    "name": "СКУД: вход, Склад №1",
    "sensor_type": "access_control",
    "zone_id": "b-wh1",
    "building_id": "b-wh1",
    "floor": 1
   }
  },
  {
   "type": "Feature",
   "id": "acs-wh2",
   "geometry": {
    "type": "Point",
    "coordinates": [
     470,
     300
    ]
   },
   "properties": {
    "id": "acs-wh2",
    "kind": "sensor",
    "name": "СКУД: вход, Склад №2 (холодный)",
    "sensor_type": "access_control",
    "zone_id": "b-wh2",
    "building_id": "b-wh2",
    "floor": 1
   }
  },
  {
   "type": "Feature",
   "id": "acs-wh3",
   "geometry": {
    "type": "Point",
    "coordinates": [
     650,
     300
    ]
   },
   "properties": {
    "id": "acs-wh3",
    "kind": "sensor",
    "name": "СКУД: вход, Склад №3",
    "sensor_type": "access_control",
    "zone_id": "b-wh3",
    "building_id": "b-wh3",
    "floor": 1
   }
  },
  {
   "type": "Feature",
   "id": "acs-prod1",
   "geometry": {
    "type": "Point",
    "coordinates": [
     310,
     200
    ]
   },
   "properties": {
    "id": "acs-prod1",
    "kind": "sensor",
    "name": "СКУД: вход, Цех №1",
    "sensor_type": "access_control",
    "zone_id": "b-prod1",
    "building_id": "b-prod1",
    "floor": 1
   }
  },
  {
   "type": "Feature",
   "id": "acs-prod2",
   "geometry": {
    "type": "Point",
    "coordinates": [
     550,
     200
    ]
   },
   "properties": {
    "id": "acs-prod2",
    "kind": "sensor",
    "name": "СКУД: вход, Цех №2",
    "sensor_type": "access_control",
    "zone_id": "b-prod2",
    "building_id": "b-prod2",
    "floor": 1
   }
  },
  {
   "type": "Feature",
   "id": "acs-garage",
   "geometry": {
    "type": "Point",
    "coordinates": [
     725,
     160
    ]
   },
   "properties": {
    "id": "acs-garage",
    "kind": "sensor",
    "name": "СКУД: вход, Гараж и ремзона",
    "sensor_type": "access_control",
    "zone_id": "b-garage",
    "building_id": "b-garage",
    "floor": 1
   }
  },
  {
   "type": "Feature",
   "id": "acs-admin-server",
   "geometry": {
    "type": "Point",
    "coordinates": [
     135,
     415
    ]
   },
   "properties": {
    "id": "acs-admin-server",
    "kind": "sensor",
    "name": "СКУД: серверная",
    "sensor_type": "access_control",
    "zone_id": "r-admin-f3-east",
    "building_id": "b-admin",
    "floor": 3
   }
  },
  {
   "type": "Feature",
   "id": "clim-wh1-storage",
   "geometry": {
    "type": "Point",
    "coordinates": [
     290.0,
     365
    ]
   },
   "properties": {
    "id": "clim-wh1-storage",
    "kind": "sensor",
    "name": "Климат, склад №1: хранение",
    "sensor_type": "climate",
    "zone_id": "r-wh1-storage",
    "building_id": "b-wh1",
    "floor": 1
   }
  },
  {
   "type": "Feature",
   "id": "clim-wh1-dock",
   "geometry": {
    "type": "Point",
    "coordinates": [
     290.0,
     315
    ]
   },
   "properties": {
    "id": "clim-wh1-dock",
    "kind": "sensor",
    "name": "Климат, склад №1: отгрузка",
    "sensor_type": "climate",
    "zone_id": "r-wh1-dock",
    "building_id": "b-wh1",
    "floor": 1
   }
  },
  {
   "type": "Feature",
   "id": "mot-wh1",
   "geometry": {
    "type": "Point",
    "coordinates": [
     235,
     385
    ]
   },
   "properties": {
    "id": "mot-wh1",
    "kind": "sensor",
    "name": "Движение, склад №1",
    "sensor_type": "motion",
    "zone_id": "r-wh1-storage",
    "building_id": "b-wh1",
    "floor": 1
   }
  },
  {
   "type": "Feature",
   "id": "clim-wh2-storage",
   "geometry": {
    "type": "Point",
    "coordinates": [
     470.0,
     365
    ]
   },
   "properties": {
    "id": "clim-wh2-storage",
    "kind": "sensor",
    "name": "Климат, склад №2: хранение",
    "sensor_type": "climate",
    "zone_id": "r-wh2-storage",
    "building_id": "b-wh2",
    "floor": 1
   }
  },
  {
   "type": "Feature",
   "id": "clim-wh2-dock",
   "geometry": {
    "type": "Point",
    "coordinates": [
     470.0,
     315
    ]
   },
   "properties": {
    "id": "clim-wh2-dock",
    "kind": "sensor",
    "name": "Климат, склад №2: отгрузка",
    "sensor_type": "climate",
    "zone_id": "r-wh2-dock",
    "building_id": "b-wh2",
    "floor": 1
   }
  },
  {
   "type": "Feature",
   "id": "mot-wh2",
   "geometry": {
    "type": "Point",
    "coordinates": [
     415,
     385
    ]
   },
   "properties": {
    "id": "mot-wh2",
    "kind": "sensor",
    "name": "Движение, склад №2",
    "sensor_type": "motion",
    "zone_id": "r-wh2-storage",
    "building_id": "b-wh2",
    "floor": 1
   }
  },
  {
   "type": "Feature",
   "id": "clim-wh3-storage",
   "geometry": {
    "type": "Point",
    "coordinates": [
     650.0,
     365
    ]
   },
   "properties": {
    "id": "clim-wh3-storage",
    "kind": "sensor",
    "name": "Климат, склад №3: хранение",
    "sensor_type": "climate",
    "zone_id": "r-wh3-storage",
    "building_id": "b-wh3",
    "floor": 1
   }
  },
  {
   "type": "Feature",
   "id": "clim-wh3-dock",
   "geometry": {
    "type": "Point",
    "coordinates": [
     650.0,
     315
    ]
   },
   "properties": {
    "id": "clim-wh3-dock",
    "kind": "sensor",
    "name": "Климат, склад №3: отгрузка",
    "sensor_type": "climate",
    "zone_id": "r-wh3-dock",
    "building_id": "b-wh3",
    "floor": 1
   }
  },
  {
   "type": "Feature",
   "id": "mot-wh3",
   "geometry": {
    "type": "Point",
    "coordinates": [
     595,
     385
    ]
   },
   "properties": {
    "id": "mot-wh3",
    "kind": "sensor",
    "name": "Движение, склад №3",
    "sensor_type": "motion",
    "zone_id": "r-wh3-storage",
    "building_id": "b-wh3",
    "floor": 1
   }
  },
  {
   "type": "Feature",
   "id": "clim-admin-server",
   "geometry": {
    "type": "Point",
    "coordinates": [
     145,
     440
    ]
   },
   "properties": {
    "id": "clim-admin-server",
    "kind": "sensor",
    "name": "Климат, серверная",
    "sensor_type": "climate",
    "zone_id": "r-admin-f3-east",
    "building_id": "b-admin",
    "floor": 3
   }
  },
  {
   "type": "Feature",
   "id": "clim-prod1-stock",
   "geometry": {
    "type": "Point",
    "coordinates": [
     355.0,
     140
    ]
   },
   "properties": {
    "id": "clim-prod1-stock",
    "kind": "sensor",
    "name": "Климат, цех №1: склад сырья",
    "sensor_type": "climate",
    "zone_id": "r-prod1-stock",
    "building_id": "b-prod1",
    "floor": 1
   }
  },
  {
   "type": "Feature",
   "id": "mot-prod1",
   "geometry": {
    "type": "Point",
    "coordinates": [
     265.0,
     140
    ]
   },
   "properties": {
    "id": "mot-prod1",
    "kind": "sensor",
    "name": "Движение, цех №1",
    "sensor_type": "motion",
    "zone_id": "r-prod1-line",
    "building_id": "b-prod1",
    "floor": 1
   }
  },
  {
   "type": "Feature",
   "id": "clim-prod2-stock",
   "geometry": {
    "type": "Point",
    "coordinates": [
     595.0,
     140
    ]
   },
   "properties": {
    "id": "clim-prod2-stock",
    "kind": "sensor",
    "name": "Климат, цех №2: склад сырья",
    "sensor_type": "climate",
    "zone_id": "r-prod2-stock",
    "building_id": "b-prod2",
    "floor": 1
   }
  },
  {
   "type": "Feature",
   "id": "mot-prod2",
   "geometry": {
    "type": "Point",
    "coordinates": [
     505.0,
     140
    ]
   },
   "properties": {
    "id": "mot-prod2",
    "kind": "sensor",
    "name": "Движение, цех №2",
    "sensor_type": "motion",
    "zone_id": "r-prod2-line",
    "building_id": "b-prod2",
    "floor": 1
   }
  },
  {
   "type": "Feature",
   "id": "mot-garage",
   "geometry": {
    "type": "Point",
    "coordinates": [
     725,
     110
    ]
   },
   "properties": {
    "id": "mot-garage",
    "kind": "sensor",
    "name": "Движение, ремзона",
    "sensor_type": "motion",
    "zone_id": "r-garage-bay",
    "building_id": "b-garage",
    "floor": 1
   }
  },
  {
   "type": "Feature",
   "id": "cam-dock-wh1",
   "geometry": {
    "type": "Point",
    "coordinates": [
     302,
     285
    ]
   },
   "properties": {
    "id": "cam-dock-wh1",
    "kind": "sensor",
    "name": "Камера рампы склада №1",
    "sensor_type": "anpr_camera",
    "zone_id": "z-docks-wh1",
    "building_id": null,
    "floor": null
   }
  },
  {
   "type": "Feature",
   "id": "cam-dock-wh2",
   "geometry": {
    "type": "Point",
    "coordinates": [
     482,
     285
    ]
   },
   "properties": {
    "id": "cam-dock-wh2",
    "kind": "sensor",
    "name": "Камера рампы склада №2",
    "sensor_type": "anpr_camera",
    "zone_id": "z-docks-wh2",
    "building_id": null,
    "floor": null
   }
  },
  {
   "type": "Feature",
   "id": "cam-dock-wh3",
   "geometry": {
    "type": "Point",
    "coordinates": [
     662,
     285
    ]
   },
   "properties": {
    "id": "cam-dock-wh3",
    "kind": "sensor",
    "name": "Камера рампы склада №3",
    "sensor_type": "anpr_camera",
    "zone_id": "z-docks-wh3",
    "building_id": null,
    "floor": null
   }
  },
  {
   "type": "Feature",
   "id": "cam-garage",
   "geometry": {
    "type": "Point",
    "coordinates": [
     735,
     175
    ]
   },
   "properties": {
    "id": "cam-garage",
    "kind": "sensor",
    "name": "Камера въезда в ремзону",
    "sensor_type": "anpr_camera",
    "zone_id": "z-garage-yard",
    "building_id": null,
    "floor": null
   }
  },
  {
   "type": "Feature",
   "id": "s-domodedovo",
   "geometry": {
    "type": "Polygon",
    "coordinates": [
     [
      [
       14145,
       3632
      ],
      [
       14565,
       3632
      ],
      [
       14565,
       3932
      ],
      [
       14145,
       3932
      ],
      [
       14145,
       3632
      ]
     ]
    ]
   },
   "properties": {
    "id": "s-domodedovo",
    "kind": "site",
    "name": "РЦ «Домодедово»",
    "site_type": "dc",
    "address": "Домодедово, у трассы М-4 «Дон»",
    "gate": [
     14145,
     3752
    ],
    "approach": [
     14085,
     3752
    ]
   }
  },
  {
   "type": "Feature",
   "id": "road-dmd-main",
   "geometry": {
    "type": "LineString",
    "coordinates": [
     [
      14145,
      3752
     ],
     [
      14545,
      3752
     ]
    ]
   },
   "properties": {
    "id": "road-dmd-main",
    "kind": "road",
    "name": "РЦ «Домодедово»: главный проезд",
    "width_m": 12,
    "speed_limit_kmh": 20,
    "road_class": "site"
   }
  },
  {
   "type": "Feature",
   "id": "road-dmd-access",
   "geometry": {
    "type": "LineString",
    "coordinates": [
     [
      14085,
      3752
     ],
     [
      14145,
      3752
     ]
    ]
   },
   "properties": {
    "id": "road-dmd-access",
    "kind": "road",
    "name": "Выезд: РЦ «Домодедово»",
    "width_m": 10,
    "speed_limit_kmh": 40,
    "road_class": "site"
   }
  },
  {
   "type": "Feature",
   "id": "z-dmd-gate",
   "geometry": {
    "type": "Polygon",
    "coordinates": [
     [
      [
       14145,
       3732
      ],
      [
       14185,
       3732
      ],
      [
       14185,
       3772
      ],
      [
       14145,
       3772
      ],
      [
       14145,
       3732
      ]
     ]
    ]
   },
   "properties": {
    "id": "z-dmd-gate",
    "kind": "geozone",
    "name": "РЦ «Домодедово»: КПП",
    "zone_type": "gate"
   }
  },
  {
   "type": "Feature",
   "id": "z-dmd-speed",
   "geometry": {
    "type": "Polygon",
    "coordinates": [
     [
      [
       14145,
       3632
      ],
      [
       14565,
       3632
      ],
      [
       14565,
       3932
      ],
      [
       14145,
       3932
      ],
      [
       14145,
       3632
      ]
     ]
    ]
   },
   "properties": {
    "id": "z-dmd-speed",
    "kind": "geozone",
    "name": "Ограничение скорости: РЦ «Домодедово»",
    "zone_type": "speed",
    "speed_limit_kmh": 20
   }
  },
  {
   "type": "Feature",
   "id": "cam-dmd-gate-in",
   "geometry": {
    "type": "Point",
    "coordinates": [
     14170,
     3760
    ]
   },
   "properties": {
    "id": "cam-dmd-gate-in",
    "kind": "sensor",
    "name": "РЦ «Домодедово»: камера КПП, въезд",
    "sensor_type": "anpr_camera",
    "zone_id": "z-dmd-gate",
    "building_id": null,
    "floor": null
   }
  },
  {
   "type": "Feature",
   "id": "cam-dmd-gate-out",
   "geometry": {
    "type": "Point",
    "coordinates": [
     14170,
     3744
    ]
   },
   "properties": {
    "id": "cam-dmd-gate-out",
    "kind": "sensor",
    "name": "РЦ «Домодедово»: камера КПП, выезд",
    "sensor_type": "anpr_camera",
    "zone_id": "z-dmd-gate",
    "building_id": null,
    "floor": null
   }
  },
  {
   "type": "Feature",
   "id": "b-dmd-xd",
   "geometry": {
    "type": "Polygon",
    "coordinates": [
     [
      [
       14265,
       3782
      ],
      [
       14475,
       3782
      ],
      [
       14475,
       3872
      ],
      [
       14265,
       3872
      ],
      [
       14265,
       3782
      ]
     ]
    ]
   },
   "properties": {
    "id": "b-dmd-xd",
    "kind": "building",
    "name": "Склад кросс-докинга",
    "building_type": "warehouse",
    "floors": 1
   }
  },
  {
   "type": "Feature",
   "id": "r-dmd-xd-dock",
   "geometry": {
    "type": "Polygon",
    "coordinates": [
     [
      [
       14265,
       3782
      ],
      [
       14475,
       3782
      ],
      [
       14475,
       3807
      ],
      [
       14265,
       3807
      ],
      [
       14265,
       3782
      ]
     ]
    ]
   },
   "properties": {
    "id": "r-dmd-xd-dock",
    "kind": "room",
    "name": "Склад кросс-докинга: приёмка и отгрузка",
    "building_id": "b-dmd-xd",
    "floor": 1,
    "room_type": "dock"
   }
  },
  {
   "type": "Feature",
   "id": "r-dmd-xd-storage",
   "geometry": {
    "type": "Polygon",
    "coordinates": [
     [
      [
       14265,
       3807
      ],
      [
       14475,
       3807
      ],
      [
       14475,
       3872
      ],
      [
       14265,
       3872
      ],
      [
       14265,
       3807
      ]
     ]
    ]
   },
   "properties": {
    "id": "r-dmd-xd-storage",
    "kind": "room",
    "name": "Склад кросс-докинга: хранение",
    "building_id": "b-dmd-xd",
    "floor": 1,
    "room_type": "storage"
   }
  },
  {
   "type": "Feature",
   "id": "z-dmd-docks-xd",
   "geometry": {
    "type": "Polygon",
    "coordinates": [
     [
      [
       14265,
       3757
      ],
      [
       14475,
       3757
      ],
      [
       14475,
       3782
      ],
      [
       14265,
       3782
      ],
      [
       14265,
       3757
      ]
     ]
    ]
   },
   "properties": {
    "id": "z-dmd-docks-xd",
    "kind": "geozone",
    "name": "Рампа: Склад кросс-докинга",
    "zone_type": "docks"
   }
  },
  {
   "type": "Feature",
   "id": "road-dmd-dock-xd-1",
   "geometry": {
    "type": "LineString",
    "coordinates": [
     [
      14317.5,
      3752
     ],
     [
      14317.5,
      3772
     ]
    ]
   },
   "properties": {
    "id": "road-dmd-dock-xd-1",
    "kind": "road",
    "name": "Подъезд к рампе: Склад кросс-докинга",
    "width_m": 8,
    "speed_limit_kmh": 10,
    "road_class": "site"
   }
  },
  {
   "type": "Feature",
   "id": "road-dmd-dock-xd-2",
   "geometry": {
    "type": "LineString",
    "coordinates": [
     [
      14370.0,
      3752
     ],
     [
      14370.0,
      3772
     ]
    ]
   },
   "properties": {
    "id": "road-dmd-dock-xd-2",
    "kind": "road",
    "name": "Подъезд к рампе: Склад кросс-докинга",
    "width_m": 8,
    "speed_limit_kmh": 10,
    "road_class": "site"
   }
  },
  {
   "type": "Feature",
   "id": "road-dmd-dock-xd-3",
   "geometry": {
    "type": "LineString",
    "coordinates": [
     [
      14422.5,
      3752
     ],
     [
      14422.5,
      3772
     ]
    ]
   },
   "properties": {
    "id": "road-dmd-dock-xd-3",
    "kind": "road",
    "name": "Подъезд к рампе: Склад кросс-докинга",
    "width_m": 8,
    "speed_limit_kmh": 10,
    "road_class": "site"
   }
  },
  {
   "type": "Feature",
   "id": "acs-dmd-xd",
   "geometry": {
    "type": "Point",
    "coordinates": [
     14307.5,
     3782
    ]
   },
   "properties": {
    "id": "acs-dmd-xd",
    "kind": "sensor",
    "name": "СКУД: вход, Склад кросс-докинга",
    "sensor_type": "access_control",
    "zone_id": "b-dmd-xd",
    "building_id": "b-dmd-xd",
    "floor": 1
   }
  },
  {
   "type": "Feature",
   "id": "cam-dmd-dock-xd",
   "geometry": {
    "type": "Point",
    "coordinates": [
     14382.0,
     3777
    ]
   },
   "properties": {
    "id": "cam-dmd-dock-xd",
    "kind": "sensor",
    "name": "Камера рампы: Склад кросс-докинга",
    "sensor_type": "anpr_camera",
    "zone_id": "z-dmd-docks-xd",
    "building_id": null,
    "floor": null
   }
  },
  {
   "type": "Feature",
   "id": "mot-dmd-xd",
   "geometry": {
    "type": "Point",
    "coordinates": [
     14277,
     3860
    ]
   },
   "properties": {
    "id": "mot-dmd-xd",
    "kind": "sensor",
    "name": "Движение: Склад кросс-докинга",
    "sensor_type": "motion",
    "zone_id": "r-dmd-xd-storage",
    "building_id": "b-dmd-xd",
    "floor": 1
   }
  },
  {
   "type": "Feature",
   "id": "b-dmd-office",
   "geometry": {
    "type": "Polygon",
    "coordinates": [
     [
      [
       14185,
       3852
      ],
      [
       14240,
       3852
      ],
      [
       14240,
       3892
      ],
      [
       14185,
       3892
      ],
      [
       14185,
       3852
      ]
     ]
    ]
   },
   "properties": {
    "id": "b-dmd-office",
    "kind": "building",
    "name": "Офис: РЦ «Домодедово»",
    "building_type": "office",
    "floors": 2
   }
  },
  {
   "type": "Feature",
   "id": "r-dmd-office-f1",
   "geometry": {
    "type": "Polygon",
    "coordinates": [
     [
      [
       14185,
       3852
      ],
      [
       14240,
       3852
      ],
      [
       14240,
       3892
      ],
      [
       14185,
       3892
      ],
      [
       14185,
       3852
      ]
     ]
    ]
   },
   "properties": {
    "id": "r-dmd-office-f1",
    "kind": "room",
    "name": "Офис РЦ «Домодедово», 1 эт.",
    "building_id": "b-dmd-office",
    "floor": 1,
    "room_type": "lobby"
   }
  },
  {
   "type": "Feature",
   "id": "r-dmd-office-f2",
   "geometry": {
    "type": "Polygon",
    "coordinates": [
     [
      [
       14185,
       3852
      ],
      [
       14240,
       3852
      ],
      [
       14240,
       3892
      ],
      [
       14185,
       3892
      ],
      [
       14185,
       3852
      ]
     ]
    ]
   },
   "properties": {
    "id": "r-dmd-office-f2",
    "kind": "room",
    "name": "Офис РЦ «Домодедово», 2 эт.",
    "building_id": "b-dmd-office",
    "floor": 2,
    "room_type": "office"
   }
  },
  {
   "type": "Feature",
   "id": "acs-dmd-office",
   "geometry": {
    "type": "Point",
    "coordinates": [
     14193,
     3852
    ]
   },
   "properties": {
    "id": "acs-dmd-office",
    "kind": "sensor",
    "name": "Турникет: офис РЦ «Домодедово»",
    "sensor_type": "access_control",
    "zone_id": "b-dmd-office",
    "building_id": "b-dmd-office",
    "floor": 1
   }
  },
  {
   "type": "Feature",
   "id": "clim-dmd-server",
   "geometry": {
    "type": "Point",
    "coordinates": [
     14232,
     3884
    ]
   },
   "properties": {
    "id": "clim-dmd-server",
    "kind": "sensor",
    "name": "Климат, серверная: РЦ «Домодедово»",
    "sensor_type": "climate",
    "zone_id": "r-dmd-office-f2",
    "building_id": "b-dmd-office",
    "floor": 2
   }
  },
  {
   "type": "Feature",
   "id": "z-dmd-parking",
   "geometry": {
    "type": "Polygon",
    "coordinates": [
     [
      [
       14485,
       3652
      ],
      [
       14555,
       3652
      ],
      [
       14555,
       3732
      ],
      [
       14485,
       3732
      ],
      [
       14485,
       3652
      ]
     ]
    ]
   },
   "properties": {
    "id": "z-dmd-parking",
    "kind": "geozone",
    "name": "Стоянка грузовиков: РЦ «Домодедово»",
    "zone_type": "parking"
   }
  },
  {
   "type": "Feature",
   "id": "road-dmd-parking",
   "geometry": {
    "type": "LineString",
    "coordinates": [
     [
      14520.0,
      3752
     ],
     [
      14520.0,
      3692.0
     ]
    ]
   },
   "properties": {
    "id": "road-dmd-parking",
    "kind": "road",
    "name": "Въезд на стоянку: РЦ «Домодедово»",
    "width_m": 8,
    "speed_limit_kmh": 10,
    "road_class": "site"
   }
  },
  {
   "type": "Feature",
   "id": "cp-dmd",
   "geometry": {
    "type": "Point",
    "coordinates": [
     14165,
     3752
    ]
   },
   "properties": {
    "id": "cp-dmd",
    "kind": "checkpoint",
    "name": "КПП: РЦ «Домодедово»",
    "checkpoint_type": "vehicle",
    "zone_id": "z-dmd-gate"
   }
  },
  {
   "type": "Feature",
   "id": "b-dmd-hangar",
   "geometry": {
    "type": "Polygon",
    "coordinates": [
     [
      [
       14490,
       3797
      ],
      [
       14550,
       3797
      ],
      [
       14550,
       3867
      ],
      [
       14490,
       3867
      ],
      [
       14490,
       3797
      ]
     ]
    ]
   },
   "properties": {
    "id": "b-dmd-hangar",
    "kind": "building",
    "name": "Ангар сезонного хранения",
    "building_type": "warehouse",
    "floors": 1
   }
  },
  {
   "type": "Feature",
   "id": "s-chekhov",
   "geometry": {
    "type": "Polygon",
    "coordinates": [
     [
      [
       -5795,
       -29279
      ],
      [
       -5335,
       -29279
      ],
      [
       -5335,
       -28959
      ],
      [
       -5795,
       -28959
      ],
      [
       -5795,
       -29279
      ]
     ]
    ]
   },
   "properties": {
    "id": "s-chekhov",
    "kind": "site",
    "name": "Холодильный склад «Чехов»",
    "site_type": "cold_store",
    "address": "Чехов, у трассы М-2 «Крым»",
    "gate": [
     -5795,
     -29139
    ],
    "approach": [
     -5855,
     -29139
    ]
   }
  },
  {
   "type": "Feature",
   "id": "road-chk-main",
   "geometry": {
    "type": "LineString",
    "coordinates": [
     [
      -5795,
      -29139
     ],
     [
      -5355,
      -29139
     ]
    ]
   },
   "properties": {
    "id": "road-chk-main",
    "kind": "road",
    "name": "Холодильный склад «Чехов»: главный проезд",
    "width_m": 12,
    "speed_limit_kmh": 20,
    "road_class": "site"
   }
  },
  {
   "type": "Feature",
   "id": "road-chk-access",
   "geometry": {
    "type": "LineString",
    "coordinates": [
     [
      -5855,
      -29139
     ],
     [
      -5795,
      -29139
     ]
    ]
   },
   "properties": {
    "id": "road-chk-access",
    "kind": "road",
    "name": "Выезд: Холодильный склад «Чехов»",
    "width_m": 10,
    "speed_limit_kmh": 40,
    "road_class": "site"
   }
  },
  {
   "type": "Feature",
   "id": "z-chk-gate",
   "geometry": {
    "type": "Polygon",
    "coordinates": [
     [
      [
       -5795,
       -29159
      ],
      [
       -5755,
       -29159
      ],
      [
       -5755,
       -29119
      ],
      [
       -5795,
       -29119
      ],
      [
       -5795,
       -29159
      ]
     ]
    ]
   },
   "properties": {
    "id": "z-chk-gate",
    "kind": "geozone",
    "name": "Холодильный склад «Чехов»: КПП",
    "zone_type": "gate"
   }
  },
  {
   "type": "Feature",
   "id": "z-chk-speed",
   "geometry": {
    "type": "Polygon",
    "coordinates": [
     [
      [
       -5795,
       -29279
      ],
      [
       -5335,
       -29279
      ],
      [
       -5335,
       -28959
      ],
      [
       -5795,
       -28959
      ],
      [
       -5795,
       -29279
      ]
     ]
    ]
   },
   "properties": {
    "id": "z-chk-speed",
    "kind": "geozone",
    "name": "Ограничение скорости: Холодильный склад «Чехов»",
    "zone_type": "speed",
    "speed_limit_kmh": 20
   }
  },
  {
   "type": "Feature",
   "id": "cam-chk-gate-in",
   "geometry": {
    "type": "Point",
    "coordinates": [
     -5770,
     -29131
    ]
   },
   "properties": {
    "id": "cam-chk-gate-in",
    "kind": "sensor",
    "name": "Холодильный склад «Чехов»: камера КПП, въезд",
    "sensor_type": "anpr_camera",
    "zone_id": "z-chk-gate",
    "building_id": null,
    "floor": null
   }
  },
  {
   "type": "Feature",
   "id": "cam-chk-gate-out",
   "geometry": {
    "type": "Point",
    "coordinates": [
     -5770,
     -29147
    ]
   },
   "properties": {
    "id": "cam-chk-gate-out",
    "kind": "sensor",
    "name": "Холодильный склад «Чехов»: камера КПП, выезд",
    "sensor_type": "anpr_camera",
    "zone_id": "z-chk-gate",
    "building_id": null,
    "floor": null
   }
  },
  {
   "type": "Feature",
   "id": "b-chk-cold1",
   "geometry": {
    "type": "Polygon",
    "coordinates": [
     [
      [
       -5705,
       -29109
      ],
      [
       -5555,
       -29109
      ],
      [
       -5555,
       -29019
      ],
      [
       -5705,
       -29019
      ],
      [
       -5705,
       -29109
      ]
     ]
    ]
   },
   "properties": {
    "id": "b-chk-cold1",
    "kind": "building",
    "name": "Холодильная камера №1",
    "building_type": "warehouse",
    "floors": 1
   }
  },
  {
   "type": "Feature",
   "id": "r-chk-cold1-dock",
   "geometry": {
    "type": "Polygon",
    "coordinates": [
     [
      [
       -5705,
       -29109
      ],
      [
       -5555,
       -29109
      ],
      [
       -5555,
       -29084
      ],
      [
       -5705,
       -29084
      ],
      [
       -5705,
       -29109
      ]
     ]
    ]
   },
   "properties": {
    "id": "r-chk-cold1-dock",
    "kind": "room",
    "name": "Холодильная камера №1: приёмка и отгрузка",
    "building_id": "b-chk-cold1",
    "floor": 1,
    "room_type": "dock"
   }
  },
  {
   "type": "Feature",
   "id": "r-chk-cold1-storage",
   "geometry": {
    "type": "Polygon",
    "coordinates": [
     [
      [
       -5705,
       -29084
      ],
      [
       -5555,
       -29084
      ],
      [
       -5555,
       -29019
      ],
      [
       -5705,
       -29019
      ],
      [
       -5705,
       -29084
      ]
     ]
    ]
   },
   "properties": {
    "id": "r-chk-cold1-storage",
    "kind": "room",
    "name": "Холодильная камера №1: хранение",
    "building_id": "b-chk-cold1",
    "floor": 1,
    "room_type": "storage"
   }
  },
  {
   "type": "Feature",
   "id": "z-chk-docks-cold1",
   "geometry": {
    "type": "Polygon",
    "coordinates": [
     [
      [
       -5705,
       -29134
      ],
      [
       -5555,
       -29134
      ],
      [
       -5555,
       -29109
      ],
      [
       -5705,
       -29109
      ],
      [
       -5705,
       -29134
      ]
     ]
    ]
   },
   "properties": {
    "id": "z-chk-docks-cold1",
    "kind": "geozone",
    "name": "Рампа: Холодильная камера №1",
    "zone_type": "docks"
   }
  },
  {
   "type": "Feature",
   "id": "road-chk-dock-cold1-1",
   "geometry": {
    "type": "LineString",
    "coordinates": [
     [
      -5667.5,
      -29139
     ],
     [
      -5667.5,
      -29119
     ]
    ]
   },
   "properties": {
    "id": "road-chk-dock-cold1-1",
    "kind": "road",
    "name": "Подъезд к рампе: Холодильная камера №1",
    "width_m": 8,
    "speed_limit_kmh": 10,
    "road_class": "site"
   }
  },
  {
   "type": "Feature",
   "id": "road-chk-dock-cold1-2",
   "geometry": {
    "type": "LineString",
    "coordinates": [
     [
      -5630.0,
      -29139
     ],
     [
      -5630.0,
      -29119
     ]
    ]
   },
   "properties": {
    "id": "road-chk-dock-cold1-2",
    "kind": "road",
    "name": "Подъезд к рампе: Холодильная камера №1",
    "width_m": 8,
    "speed_limit_kmh": 10,
    "road_class": "site"
   }
  },
  {
   "type": "Feature",
   "id": "road-chk-dock-cold1-3",
   "geometry": {
    "type": "LineString",
    "coordinates": [
     [
      -5592.5,
      -29139
     ],
     [
      -5592.5,
      -29119
     ]
    ]
   },
   "properties": {
    "id": "road-chk-dock-cold1-3",
    "kind": "road",
    "name": "Подъезд к рампе: Холодильная камера №1",
    "width_m": 8,
    "speed_limit_kmh": 10,
    "road_class": "site"
   }
  },
  {
   "type": "Feature",
   "id": "acs-chk-cold1",
   "geometry": {
    "type": "Point",
    "coordinates": [
     -5677.5,
     -29109
    ]
   },
   "properties": {
    "id": "acs-chk-cold1",
    "kind": "sensor",
    "name": "СКУД: вход, Холодильная камера №1",
    "sensor_type": "access_control",
    "zone_id": "b-chk-cold1",
    "building_id": "b-chk-cold1",
    "floor": 1
   }
  },
  {
   "type": "Feature",
   "id": "cam-chk-dock-cold1",
   "geometry": {
    "type": "Point",
    "coordinates": [
     -5618.0,
     -29114
    ]
   },
   "properties": {
    "id": "cam-chk-dock-cold1",
    "kind": "sensor",
    "name": "Камера рампы: Холодильная камера №1",
    "sensor_type": "anpr_camera",
    "zone_id": "z-chk-docks-cold1",
    "building_id": null,
    "floor": null
   }
  },
  {
   "type": "Feature",
   "id": "mot-chk-cold1",
   "geometry": {
    "type": "Point",
    "coordinates": [
     -5693,
     -29031
    ]
   },
   "properties": {
    "id": "mot-chk-cold1",
    "kind": "sensor",
    "name": "Движение: Холодильная камера №1",
    "sensor_type": "motion",
    "zone_id": "r-chk-cold1-storage",
    "building_id": "b-chk-cold1",
    "floor": 1
   }
  },
  {
   "type": "Feature",
   "id": "b-chk-cold2",
   "geometry": {
    "type": "Polygon",
    "coordinates": [
     [
      [
       -5525,
       -29109
      ],
      [
       -5375,
       -29109
      ],
      [
       -5375,
       -29019
      ],
      [
       -5525,
       -29019
      ],
      [
       -5525,
       -29109
      ]
     ]
    ]
   },
   "properties": {
    "id": "b-chk-cold2",
    "kind": "building",
    "name": "Холодильная камера №2",
    "building_type": "warehouse",
    "floors": 1
   }
  },
  {
   "type": "Feature",
   "id": "r-chk-cold2-dock",
   "geometry": {
    "type": "Polygon",
    "coordinates": [
     [
      [
       -5525,
       -29109
      ],
      [
       -5375,
       -29109
      ],
      [
       -5375,
       -29084
      ],
      [
       -5525,
       -29084
      ],
      [
       -5525,
       -29109
      ]
     ]
    ]
   },
   "properties": {
    "id": "r-chk-cold2-dock",
    "kind": "room",
    "name": "Холодильная камера №2: приёмка и отгрузка",
    "building_id": "b-chk-cold2",
    "floor": 1,
    "room_type": "dock"
   }
  },
  {
   "type": "Feature",
   "id": "r-chk-cold2-storage",
   "geometry": {
    "type": "Polygon",
    "coordinates": [
     [
      [
       -5525,
       -29084
      ],
      [
       -5375,
       -29084
      ],
      [
       -5375,
       -29019
      ],
      [
       -5525,
       -29019
      ],
      [
       -5525,
       -29084
      ]
     ]
    ]
   },
   "properties": {
    "id": "r-chk-cold2-storage",
    "kind": "room",
    "name": "Холодильная камера №2: хранение",
    "building_id": "b-chk-cold2",
    "floor": 1,
    "room_type": "storage"
   }
  },
  {
   "type": "Feature",
   "id": "z-chk-docks-cold2",
   "geometry": {
    "type": "Polygon",
    "coordinates": [
     [
      [
       -5525,
       -29134
      ],
      [
       -5375,
       -29134
      ],
      [
       -5375,
       -29109
      ],
      [
       -5525,
       -29109
      ],
      [
       -5525,
       -29134
      ]
     ]
    ]
   },
   "properties": {
    "id": "z-chk-docks-cold2",
    "kind": "geozone",
    "name": "Рампа: Холодильная камера №2",
    "zone_type": "docks"
   }
  },
  {
   "type": "Feature",
   "id": "road-chk-dock-cold2-1",
   "geometry": {
    "type": "LineString",
    "coordinates": [
     [
      -5487.5,
      -29139
     ],
     [
      -5487.5,
      -29119
     ]
    ]
   },
   "properties": {
    "id": "road-chk-dock-cold2-1",
    "kind": "road",
    "name": "Подъезд к рампе: Холодильная камера №2",
    "width_m": 8,
    "speed_limit_kmh": 10,
    "road_class": "site"
   }
  },
  {
   "type": "Feature",
   "id": "road-chk-dock-cold2-2",
   "geometry": {
    "type": "LineString",
    "coordinates": [
     [
      -5450.0,
      -29139
     ],
     [
      -5450.0,
      -29119
     ]
    ]
   },
   "properties": {
    "id": "road-chk-dock-cold2-2",
    "kind": "road",
    "name": "Подъезд к рампе: Холодильная камера №2",
    "width_m": 8,
    "speed_limit_kmh": 10,
    "road_class": "site"
   }
  },
  {
   "type": "Feature",
   "id": "road-chk-dock-cold2-3",
   "geometry": {
    "type": "LineString",
    "coordinates": [
     [
      -5412.5,
      -29139
     ],
     [
      -5412.5,
      -29119
     ]
    ]
   },
   "properties": {
    "id": "road-chk-dock-cold2-3",
    "kind": "road",
    "name": "Подъезд к рампе: Холодильная камера №2",
    "width_m": 8,
    "speed_limit_kmh": 10,
    "road_class": "site"
   }
  },
  {
   "type": "Feature",
   "id": "acs-chk-cold2",
   "geometry": {
    "type": "Point",
    "coordinates": [
     -5497.5,
     -29109
    ]
   },
   "properties": {
    "id": "acs-chk-cold2",
    "kind": "sensor",
    "name": "СКУД: вход, Холодильная камера №2",
    "sensor_type": "access_control",
    "zone_id": "b-chk-cold2",
    "building_id": "b-chk-cold2",
    "floor": 1
   }
  },
  {
   "type": "Feature",
   "id": "cam-chk-dock-cold2",
   "geometry": {
    "type": "Point",
    "coordinates": [
     -5438.0,
     -29114
    ]
   },
   "properties": {
    "id": "cam-chk-dock-cold2",
    "kind": "sensor",
    "name": "Камера рампы: Холодильная камера №2",
    "sensor_type": "anpr_camera",
    "zone_id": "z-chk-docks-cold2",
    "building_id": null,
    "floor": null
   }
  },
  {
   "type": "Feature",
   "id": "mot-chk-cold2",
   "geometry": {
    "type": "Point",
    "coordinates": [
     -5513,
     -29031
    ]
   },
   "properties": {
    "id": "mot-chk-cold2",
    "kind": "sensor",
    "name": "Движение: Холодильная камера №2",
    "sensor_type": "motion",
    "zone_id": "r-chk-cold2-storage",
    "building_id": "b-chk-cold2",
    "floor": 1
   }
  },
  {
   "type": "Feature",
   "id": "b-chk-office",
   "geometry": {
    "type": "Polygon",
    "coordinates": [
     [
      [
       -5775,
       -29059
      ],
      [
       -5725,
       -29059
      ],
      [
       -5725,
       -29019
      ],
      [
       -5775,
       -29019
      ],
      [
       -5775,
       -29059
      ]
     ]
    ]
   },
   "properties": {
    "id": "b-chk-office",
    "kind": "building",
    "name": "Офис: Холодильный склад «Чехов»",
    "building_type": "office",
    "floors": 2
   }
  },
  {
   "type": "Feature",
   "id": "r-chk-office-f1",
   "geometry": {
    "type": "Polygon",
    "coordinates": [
     [
      [
       -5775,
       -29059
      ],
      [
       -5725,
       -29059
      ],
      [
       -5725,
       -29019
      ],
      [
       -5775,
       -29019
      ],
      [
       -5775,
       -29059
      ]
     ]
    ]
   },
   "properties": {
    "id": "r-chk-office-f1",
    "kind": "room",
    "name": "Офис Холодильный склад «Чехов», 1 эт.",
    "building_id": "b-chk-office",
    "floor": 1,
    "room_type": "lobby"
   }
  },
  {
   "type": "Feature",
   "id": "r-chk-office-f2",
   "geometry": {
    "type": "Polygon",
    "coordinates": [
     [
      [
       -5775,
       -29059
      ],
      [
       -5725,
       -29059
      ],
      [
       -5725,
       -29019
      ],
      [
       -5775,
       -29019
      ],
      [
       -5775,
       -29059
      ]
     ]
    ]
   },
   "properties": {
    "id": "r-chk-office-f2",
    "kind": "room",
    "name": "Офис Холодильный склад «Чехов», 2 эт.",
    "building_id": "b-chk-office",
    "floor": 2,
    "room_type": "office"
   }
  },
  {
   "type": "Feature",
   "id": "acs-chk-office",
   "geometry": {
    "type": "Point",
    "coordinates": [
     -5767,
     -29059
    ]
   },
   "properties": {
    "id": "acs-chk-office",
    "kind": "sensor",
    "name": "Турникет: офис Холодильный склад «Чехов»",
    "sensor_type": "access_control",
    "zone_id": "b-chk-office",
    "building_id": "b-chk-office",
    "floor": 1
   }
  },
  {
   "type": "Feature",
   "id": "clim-chk-server",
   "geometry": {
    "type": "Point",
    "coordinates": [
     -5733,
     -29027
    ]
   },
   "properties": {
    "id": "clim-chk-server",
    "kind": "sensor",
    "name": "Климат, серверная: Холодильный склад «Чехов»",
    "sensor_type": "climate",
    "zone_id": "r-chk-office-f2",
    "building_id": "b-chk-office",
    "floor": 2
   }
  },
  {
   "type": "Feature",
   "id": "z-chk-parking",
   "geometry": {
    "type": "Polygon",
    "coordinates": [
     [
      [
       -5495,
       -29259
      ],
      [
       -5355,
       -29259
      ],
      [
       -5355,
       -29169
      ],
      [
       -5495,
       -29169
      ],
      [
       -5495,
       -29259
      ]
     ]
    ]
   },
   "properties": {
    "id": "z-chk-parking",
    "kind": "geozone",
    "name": "Стоянка грузовиков: Холодильный склад «Чехов»",
    "zone_type": "parking"
   }
  },
  {
   "type": "Feature",
   "id": "road-chk-parking",
   "geometry": {
    "type": "LineString",
    "coordinates": [
     [
      -5425.0,
      -29139
     ],
     [
      -5425.0,
      -29214.0
     ]
    ]
   },
   "properties": {
    "id": "road-chk-parking",
    "kind": "road",
    "name": "Въезд на стоянку: Холодильный склад «Чехов»",
    "width_m": 8,
    "speed_limit_kmh": 10,
    "road_class": "site"
   }
  },
  {
   "type": "Feature",
   "id": "cp-chk",
   "geometry": {
    "type": "Point",
    "coordinates": [
     -5775,
     -29139
    ]
   },
   "properties": {
    "id": "cp-chk",
    "kind": "checkpoint",
    "name": "КПП: Холодильный склад «Чехов»",
    "checkpoint_type": "vehicle",
    "zone_id": "z-chk-gate"
   }
  },
  {
   "type": "Feature",
   "id": "mot-wh1-dock",
   "geometry": {
    "type": "Point",
    "coordinates": [
     255.0,
     315.0
    ]
   },
   "properties": {
    "id": "mot-wh1-dock",
    "kind": "sensor",
    "name": "Движение: Склад №1: зона отгрузки",
    "sensor_type": "motion",
    "zone_id": "r-wh1-dock",
    "building_id": "b-wh1",
    "floor": 1
   }
  },
  {
   "type": "Feature",
   "id": "mot-wh2-dock",
   "geometry": {
    "type": "Point",
    "coordinates": [
     435.0,
     315.0
    ]
   },
   "properties": {
    "id": "mot-wh2-dock",
    "kind": "sensor",
    "name": "Движение: Склад №2: зона отгрузки",
    "sensor_type": "motion",
    "zone_id": "r-wh2-dock",
    "building_id": "b-wh2",
    "floor": 1
   }
  },
  {
   "type": "Feature",
   "id": "mot-wh3-dock",
   "geometry": {
    "type": "Point",
    "coordinates": [
     615.0,
     315.0
    ]
   },
   "properties": {
    "id": "mot-wh3-dock",
    "kind": "sensor",
    "name": "Движение: Склад №3: зона отгрузки",
    "sensor_type": "motion",
    "zone_id": "r-wh3-dock",
    "building_id": "b-wh3",
    "floor": 1
   }
  },
  {
   "type": "Feature",
   "id": "clim-admin-f1-west",
   "geometry": {
    "type": "Point",
    "coordinates": [
     97.5,
     415.0
    ]
   },
   "properties": {
    "id": "clim-admin-f1-west",
    "kind": "sensor",
    "name": "Климат: Админ. корпус, 1 эт.: западное крыло",
    "sensor_type": "climate",
    "zone_id": "r-admin-f1-west",
    "building_id": "b-admin",
    "floor": 1
   }
  },
  {
   "type": "Feature",
   "id": "mot-admin-f1-west",
   "geometry": {
    "type": "Point",
    "coordinates": [
     72.5,
     415.0
    ]
   },
   "properties": {
    "id": "mot-admin-f1-west",
    "kind": "sensor",
    "name": "Движение: Админ. корпус, 1 эт.: западное крыло",
    "sensor_type": "motion",
    "zone_id": "r-admin-f1-west",
    "building_id": "b-admin",
    "floor": 1
   }
  },
  {
   "type": "Feature",
   "id": "clim-admin-f1-east",
   "geometry": {
    "type": "Point",
    "coordinates": [
     147.5,
     415.0
    ]
   },
   "properties": {
    "id": "clim-admin-f1-east",
    "kind": "sensor",
    "name": "Климат: Админ. корпус, 1 эт.: восточное крыло",
    "sensor_type": "climate",
    "zone_id": "r-admin-f1-east",
    "building_id": "b-admin",
    "floor": 1
   }
  },
  {
   "type": "Feature",
   "id": "mot-admin-f1-east",
   "geometry": {
    "type": "Point",
    "coordinates": [
     122.5,
     415.0
    ]
   },
   "properties": {
    "id": "mot-admin-f1-east",
    "kind": "sensor",
    "name": "Движение: Админ. корпус, 1 эт.: восточное крыло",
    "sensor_type": "motion",
    "zone_id": "r-admin-f1-east",
    "building_id": "b-admin",
    "floor": 1
   }
  },
  {
   "type": "Feature",
   "id": "clim-admin-f2-west",
   "geometry": {
    "type": "Point",
    "coordinates": [
     97.5,
     415.0
    ]
   },
   "properties": {
    "id": "clim-admin-f2-west",
    "kind": "sensor",
    "name": "Климат: Админ. корпус, 2 эт.: западное крыло",
    "sensor_type": "climate",
    "zone_id": "r-admin-f2-west",
    "building_id": "b-admin",
    "floor": 2
   }
  },
  {
   "type": "Feature",
   "id": "mot-admin-f2-west",
   "geometry": {
    "type": "Point",
    "coordinates": [
     72.5,
     415.0
    ]
   },
   "properties": {
    "id": "mot-admin-f2-west",
    "kind": "sensor",
    "name": "Движение: Админ. корпус, 2 эт.: западное крыло",
    "sensor_type": "motion",
    "zone_id": "r-admin-f2-west",
    "building_id": "b-admin",
    "floor": 2
   }
  },
  {
   "type": "Feature",
   "id": "clim-admin-f2-east",
   "geometry": {
    "type": "Point",
    "coordinates": [
     147.5,
     415.0
    ]
   },
   "properties": {
    "id": "clim-admin-f2-east",
    "kind": "sensor",
    "name": "Климат: Админ. корпус, 2 эт.: восточное крыло",
    "sensor_type": "climate",
    "zone_id": "r-admin-f2-east",
    "building_id": "b-admin",
    "floor": 2
   }
  },
  {
   "type": "Feature",
   "id": "mot-admin-f2-east",
   "geometry": {
    "type": "Point",
    "coordinates": [
     122.5,
     415.0
    ]
   },
   "properties": {
    "id": "mot-admin-f2-east",
    "kind": "sensor",
    "name": "Движение: Админ. корпус, 2 эт.: восточное крыло",
    "sensor_type": "motion",
    "zone_id": "r-admin-f2-east",
    "building_id": "b-admin",
    "floor": 2
   }
  },
  {
   "type": "Feature",
   "id": "clim-admin-f3-west",
   "geometry": {
    "type": "Point",
    "coordinates": [
     97.5,
     415.0
    ]
   },
   "properties": {
    "id": "clim-admin-f3-west",
    "kind": "sensor",
    "name": "Климат: Админ. корпус, 3 эт.: западное крыло",
    "sensor_type": "climate",
    "zone_id": "r-admin-f3-west",
    "building_id": "b-admin",
    "floor": 3
   }
  },
  {
   "type": "Feature",
   "id": "mot-admin-f3-west",
   "geometry": {
    "type": "Point",
    "coordinates": [
     72.5,
     415.0
    ]
   },
   "properties": {
    "id": "mot-admin-f3-west",
    "kind": "sensor",
    "name": "Движение: Админ. корпус, 3 эт.: западное крыло",
    "sensor_type": "motion",
    "zone_id": "r-admin-f3-west",
    "building_id": "b-admin",
    "floor": 3
   }
  },
  {
   "type": "Feature",
   "id": "mot-admin-f3-east",
   "geometry": {
    "type": "Point",
    "coordinates": [
     122.5,
     415.0
    ]
   },
   "properties": {
    "id": "mot-admin-f3-east",
    "kind": "sensor",
    "name": "Движение: Админ. корпус, 3 эт.: восточное крыло",
    "sensor_type": "motion",
    "zone_id": "r-admin-f3-east",
    "building_id": "b-admin",
    "floor": 3
   }
  },
  {
   "type": "Feature",
   "id": "clim-prod1-line",
   "geometry": {
    "type": "Point",
    "coordinates": [
     287.5,
     140.0
    ]
   },
   "properties": {
    "id": "clim-prod1-line",
    "kind": "sensor",
    "name": "Климат: Цех №1: производственная линия",
    "sensor_type": "climate",
    "zone_id": "r-prod1-line",
    "building_id": "b-prod1",
    "floor": 1
   }
  },
  {
   "type": "Feature",
   "id": "mot-prod1-stock",
   "geometry": {
    "type": "Point",
    "coordinates": [
     332.5,
     140.0
    ]
   },
   "properties": {
    "id": "mot-prod1-stock",
    "kind": "sensor",
    "name": "Движение: Цех №1: склад сырья",
    "sensor_type": "motion",
    "zone_id": "r-prod1-stock",
    "building_id": "b-prod1",
    "floor": 1
   }
  },
  {
   "type": "Feature",
   "id": "clim-prod1-f2",
   "geometry": {
    "type": "Point",
    "coordinates": [
     355.0,
     140.0
    ]
   },
   "properties": {
    "id": "clim-prod1-f2",
    "kind": "sensor",
    "name": "Климат: Цех №1, 2 эт.: офис мастеров",
    "sensor_type": "climate",
    "zone_id": "r-prod1-f2",
    "building_id": "b-prod1",
    "floor": 2
   }
  },
  {
   "type": "Feature",
   "id": "mot-prod1-f2",
   "geometry": {
    "type": "Point",
    "coordinates": [
     265.0,
     140.0
    ]
   },
   "properties": {
    "id": "mot-prod1-f2",
    "kind": "sensor",
    "name": "Движение: Цех №1, 2 эт.: офис мастеров",
    "sensor_type": "motion",
    "zone_id": "r-prod1-f2",
    "building_id": "b-prod1",
    "floor": 2
   }
  },
  {
   "type": "Feature",
   "id": "clim-prod2-line",
   "geometry": {
    "type": "Point",
    "coordinates": [
     527.5,
     140.0
    ]
   },
   "properties": {
    "id": "clim-prod2-line",
    "kind": "sensor",
    "name": "Климат: Цех №2: производственная линия",
    "sensor_type": "climate",
    "zone_id": "r-prod2-line",
    "building_id": "b-prod2",
    "floor": 1
   }
  },
  {
   "type": "Feature",
   "id": "mot-prod2-stock",
   "geometry": {
    "type": "Point",
    "coordinates": [
     572.5,
     140.0
    ]
   },
   "properties": {
    "id": "mot-prod2-stock",
    "kind": "sensor",
    "name": "Движение: Цех №2: склад сырья",
    "sensor_type": "motion",
    "zone_id": "r-prod2-stock",
    "building_id": "b-prod2",
    "floor": 1
   }
  },
  {
   "type": "Feature",
   "id": "clim-prod2-f2",
   "geometry": {
    "type": "Point",
    "coordinates": [
     595.0,
     140.0
    ]
   },
   "properties": {
    "id": "clim-prod2-f2",
    "kind": "sensor",
    "name": "Климат: Цех №2, 2 эт.: офис мастеров",
    "sensor_type": "climate",
    "zone_id": "r-prod2-f2",
    "building_id": "b-prod2",
    "floor": 2
   }
  },
  {
   "type": "Feature",
   "id": "mot-prod2-f2",
   "geometry": {
    "type": "Point",
    "coordinates": [
     505.0,
     140.0
    ]
   },
   "properties": {
    "id": "mot-prod2-f2",
    "kind": "sensor",
    "name": "Движение: Цех №2, 2 эт.: офис мастеров",
    "sensor_type": "motion",
    "zone_id": "r-prod2-f2",
    "building_id": "b-prod2",
    "floor": 2
   }
  },
  {
   "type": "Feature",
   "id": "clim-garage-bay",
   "geometry": {
    "type": "Point",
    "coordinates": [
     747.5,
     110.0
    ]
   },
   "properties": {
    "id": "clim-garage-bay",
    "kind": "sensor",
    "name": "Климат: Ремзона: боксы",
    "sensor_type": "climate",
    "zone_id": "r-garage-bay",
    "building_id": "b-garage",
    "floor": 1
   }
  },
  {
   "type": "Feature",
   "id": "clim-dmd-xd-dock",
   "geometry": {
    "type": "Point",
    "coordinates": [
     14422.5,
     3794.5
    ]
   },
   "properties": {
    "id": "clim-dmd-xd-dock",
    "kind": "sensor",
    "name": "Климат: Склад кросс-докинга: приёмка и отгрузка",
    "sensor_type": "climate",
    "zone_id": "r-dmd-xd-dock",
    "building_id": "b-dmd-xd",
    "floor": 1
   }
  },
  {
   "type": "Feature",
   "id": "mot-dmd-xd-dock",
   "geometry": {
    "type": "Point",
    "coordinates": [
     14317.5,
     3794.5
    ]
   },
   "properties": {
    "id": "mot-dmd-xd-dock",
    "kind": "sensor",
    "name": "Движение: Склад кросс-докинга: приёмка и отгрузка",
    "sensor_type": "motion",
    "zone_id": "r-dmd-xd-dock",
    "building_id": "b-dmd-xd",
    "floor": 1
   }
  },
  {
   "type": "Feature",
   "id": "clim-dmd-xd-storage",
   "geometry": {
    "type": "Point",
    "coordinates": [
     14422.5,
     3839.5
    ]
   },
   "properties": {
    "id": "clim-dmd-xd-storage",
    "kind": "sensor",
    "name": "Климат: Склад кросс-докинга: хранение",
    "sensor_type": "climate",
    "zone_id": "r-dmd-xd-storage",
    "building_id": "b-dmd-xd",
    "floor": 1
   }
  },
  {
   "type": "Feature",
   "id": "clim-dmd-office-f1",
   "geometry": {
    "type": "Point",
    "coordinates": [
     14226.25,
     3872.0
    ]
   },
   "properties": {
    "id": "clim-dmd-office-f1",
    "kind": "sensor",
    "name": "Климат: Офис РЦ «Домодедово», 1 эт.",
    "sensor_type": "climate",
    "zone_id": "r-dmd-office-f1",
    "building_id": "b-dmd-office",
    "floor": 1
   }
  },
  {
   "type": "Feature",
   "id": "mot-dmd-office-f1",
   "geometry": {
    "type": "Point",
    "coordinates": [
     14198.75,
     3872.0
    ]
   },
   "properties": {
    "id": "mot-dmd-office-f1",
    "kind": "sensor",
    "name": "Движение: Офис РЦ «Домодедово», 1 эт.",
    "sensor_type": "motion",
    "zone_id": "r-dmd-office-f1",
    "building_id": "b-dmd-office",
    "floor": 1
   }
  },
  {
   "type": "Feature",
   "id": "mot-dmd-office-f2",
   "geometry": {
    "type": "Point",
    "coordinates": [
     14198.75,
     3872.0
    ]
   },
   "properties": {
    "id": "mot-dmd-office-f2",
    "kind": "sensor",
    "name": "Движение: Офис РЦ «Домодедово», 2 эт.",
    "sensor_type": "motion",
    "zone_id": "r-dmd-office-f2",
    "building_id": "b-dmd-office",
    "floor": 2
   }
  },
  {
   "type": "Feature",
   "id": "clim-chk-cold1-dock",
   "geometry": {
    "type": "Point",
    "coordinates": [
     -5592.5,
     -29096.5
    ]
   },
   "properties": {
    "id": "clim-chk-cold1-dock",
    "kind": "sensor",
    "name": "Климат: Холодильная камера №1: приёмка и отгрузка",
    "sensor_type": "climate",
    "zone_id": "r-chk-cold1-dock",
    "building_id": "b-chk-cold1",
    "floor": 1
   }
  },
  {
   "type": "Feature",
   "id": "mot-chk-cold1-dock",
   "geometry": {
    "type": "Point",
    "coordinates": [
     -5667.5,
     -29096.5
    ]
   },
   "properties": {
    "id": "mot-chk-cold1-dock",
    "kind": "sensor",
    "name": "Движение: Холодильная камера №1: приёмка и отгрузка",
    "sensor_type": "motion",
    "zone_id": "r-chk-cold1-dock",
    "building_id": "b-chk-cold1",
    "floor": 1
   }
  },
  {
   "type": "Feature",
   "id": "clim-chk-cold1-storage",
   "geometry": {
    "type": "Point",
    "coordinates": [
     -5592.5,
     -29051.5
    ]
   },
   "properties": {
    "id": "clim-chk-cold1-storage",
    "kind": "sensor",
    "name": "Климат: Холодильная камера №1: хранение",
    "sensor_type": "climate",
    "zone_id": "r-chk-cold1-storage",
    "building_id": "b-chk-cold1",
    "floor": 1
   }
  },
  {
   "type": "Feature",
   "id": "clim-chk-cold2-dock",
   "geometry": {
    "type": "Point",
    "coordinates": [
     -5412.5,
     -29096.5
    ]
   },
   "properties": {
    "id": "clim-chk-cold2-dock",
    "kind": "sensor",
    "name": "Климат: Холодильная камера №2: приёмка и отгрузка",
    "sensor_type": "climate",
    "zone_id": "r-chk-cold2-dock",
    "building_id": "b-chk-cold2",
    "floor": 1
   }
  },
  {
   "type": "Feature",
   "id": "mot-chk-cold2-dock",
   "geometry": {
    "type": "Point",
    "coordinates": [
     -5487.5,
     -29096.5
    ]
   },
   "properties": {
    "id": "mot-chk-cold2-dock",
    "kind": "sensor",
    "name": "Движение: Холодильная камера №2: приёмка и отгрузка",
    "sensor_type": "motion",
    "zone_id": "r-chk-cold2-dock",
    "building_id": "b-chk-cold2",
    "floor": 1
   }
  },
  {
   "type": "Feature",
   "id": "clim-chk-cold2-storage",
   "geometry": {
    "type": "Point",
    "coordinates": [
     -5412.5,
     -29051.5
    ]
   },
   "properties": {
    "id": "clim-chk-cold2-storage",
    "kind": "sensor",
    "name": "Климат: Холодильная камера №2: хранение",
    "sensor_type": "climate",
    "zone_id": "r-chk-cold2-storage",
    "building_id": "b-chk-cold2",
    "floor": 1
   }
  },
  {
   "type": "Feature",
   "id": "clim-chk-office-f1",
   "geometry": {
    "type": "Point",
    "coordinates": [
     -5737.5,
     -29039.0
    ]
   },
   "properties": {
    "id": "clim-chk-office-f1",
    "kind": "sensor",
    "name": "Климат: Офис Холодильный склад «Чехов», 1 эт.",
    "sensor_type": "climate",
    "zone_id": "r-chk-office-f1",
    "building_id": "b-chk-office",
    "floor": 1
   }
  },
  {
   "type": "Feature",
   "id": "mot-chk-office-f1",
   "geometry": {
    "type": "Point",
    "coordinates": [
     -5762.5,
     -29039.0
    ]
   },
   "properties": {
    "id": "mot-chk-office-f1",
    "kind": "sensor",
    "name": "Движение: Офис Холодильный склад «Чехов», 1 эт.",
    "sensor_type": "motion",
    "zone_id": "r-chk-office-f1",
    "building_id": "b-chk-office",
    "floor": 1
   }
  },
  {
   "type": "Feature",
   "id": "mot-chk-office-f2",
   "geometry": {
    "type": "Point",
    "coordinates": [
     -5762.5,
     -29039.0
    ]
   },
   "properties": {
    "id": "mot-chk-office-f2",
    "kind": "sensor",
    "name": "Движение: Офис Холодильный склад «Чехов», 2 эт.",
    "sensor_type": "motion",
    "zone_id": "r-chk-office-f2",
    "building_id": "b-chk-office",
    "floor": 2
   }
  },
  {
   "type": "Feature",
   "id": "route-chekhov-domodedovo",
   "geometry": {
    "type": "LineString",
    "coordinates": [
     [
      -5855.0,
      -29139.0
     ],
     [
      -5864.4,
      -29139.4
     ],
     [
      -5898.1,
      -28545.2
     ],
     [
      -5894.1,
      -28492.9
     ],
     [
      -5900.0,
      -28474.0
     ],
     [
      -5901.6,
      -28428.9
     ],
     [
      -5886.5,
      -28411.5
     ],
     [
      -5874.9,
      -28385.4
     ],
     [
      -5840.8,
      -28368.8
     ],
     [
      -5805.7,
      -28342.9
     ],
     [
      -5731.9,
      -28331.2
     ],
     [
      -5718.9,
      -28288.0
     ],
     [
      -5709.9,
      -28210.2
     ],
     [
      -5712.2,
      -28158.5
     ],
     [
      -5707.5,
      -28070.4
     ],
     [
      -5710.2,
      -28037.6
     ],
     [
      -5735.3,
      -27975.8
     ],
     [
      -5831.3,
      -27676.7
     ],
     [
      -5871.7,
      -27618.5
     ],
     [
      -5676.6,
      -27464.1
     ],
     [
      -5682.7,
      -27441.9
     ],
     [
      -5558.0,
      -27304.5
     ],
     [
      -5472.2,
      -27201.1
     ],
     [
      -5384.5,
      -27084.4
     ],
     [
      -5172.2,
      -26778.3
     ],
     [
      -5155.4,
      -26755.6
     ],
     [
      -5137.0,
      -26741.4
     ],
     [
      -5125.2,
      -26736.8
     ],
     [
      -5078.1,
      -26733.1
     ],
     [
      -4522.0,
      -26790.8
     ],
     [
      -3941.6,
      -26856.8
     ],
     [
      -3583.3,
      -26892.2
     ],
     [
      -3477.2,
      -26906.1
     ],
     [
      -3383.2,
      -26911.3
     ],
     [
      -3210.6,
      -26911.1
     ],
     [
      -2977.2,
      -26921.0
     ],
     [
      -2903.2,
      -26924.7
     ],
     [
      -2825.9,
      -26941.9
     ],
     [
      -2808.1,
      -26951.6
     ],
     [
      -2789.3,
      -26978.2
     ],
     [
      -2786.4,
      -26996.2
     ],
     [
      -2788.8,
      -27014.1
     ],
     [
      -2797.3,
      -27030.5
     ],
     [
      -2810.8,
      -27044.9
     ],
     [
      -2828.5,
      -27053.4
     ],
     [
      -2848.0,
      -27056.8
     ],
     [
      -2866.6,
      -27053.7
     ],
     [
      -2887.0,
      -27042.3
     ],
     [
      -2903.0,
      -27023.5
     ],
     [
      -2927.5,
      -26948.9
     ],
     [
      -2932.9,
      -26876.7
     ],
     [
      -2943.8,
      -26348.0
     ],
     [
      -2893.3,
      -24815.1
     ],
     [
      -2895.9,
      -24427.7
     ],
     [
      -2908.1,
      -24187.3
     ],
     [
      -2943.6,
      -23778.1
     ],
     [
      -3002.1,
      -23368.9
     ],
     [
      -3041.1,
      -23159.7
     ],
     [
      -3085.3,
      -22957.8
     ],
     [
      -3205.9,
      -22324.3
     ],
     [
      -3329.9,
      -21754.1
     ],
     [
      -3372.5,
      -21498.9
     ],
     [
      -3394.9,
      -21273.3
     ],
     [
      -3405.4,
      -20952.8
     ],
     [
      -3402.0,
      -20745.9
     ],
     [
      -3390.8,
      -20596.3
     ],
     [
      -3369.5,
      -20413.0
     ],
     [
      -3297.9,
      -20026.7
     ],
     [
      -3113.2,
      -19230.3
     ],
     [
      -2880.7,
      -18184.1
     ],
     [
      -2745.3,
      -17492.4
     ],
     [
      -2550.4,
      -16392.7
     ],
     [
      -2425.5,
      -15720.8
     ],
     [
      -2325.3,
      -15135.8
     ],
     [
      -2203.1,
      -14495.4
     ],
     [
      -2111.4,
      -14116.6
     ],
     [
      -2015.2,
      -13776.0
     ],
     [
      -1761.6,
      -12998.3
     ],
     [
      -1386.8,
      -11881.1
     ],
     [
      -1248.5,
      -11456.5
     ],
     [
      -1198.3,
      -11326.2
     ],
     [
      -1126.5,
      -11164.3
     ],
     [
      -1102.5,
      -11113.7
     ],
     [
      -1021.3,
      -10965.0
     ],
     [
      -976.2,
      -10890.1
     ],
     [
      -855.7,
      -10711.5
     ],
     [
      -776.7,
      -10606.2
     ],
     [
      -643.8,
      -10452.5
     ],
     [
      -474.0,
      -10282.2
     ],
     [
      -18.2,
      -9860.9
     ],
     [
      87.5,
      -9744.9
     ],
     [
      267.6,
      -9523.0
     ],
     [
      384.5,
      -9349.8
     ],
     [
      470.9,
      -9203.9
     ],
     [
      543.6,
      -9061.8
     ],
     [
      619.7,
      -8895.7
     ],
     [
      1131.5,
      -7609.9
     ],
     [
      1232.5,
      -7334.1
     ],
     [
      1320.8,
      -7040.4
     ],
     [
      1369.9,
      -6836.7
     ],
     [
      1419.5,
      -6586.1
     ],
     [
      1457.6,
      -6315.8
     ],
     [
      1480.5,
      -6059.7
     ],
     [
      1490.9,
      -5802.4
     ],
     [
      1509.9,
      -3276.5
     ],
     [
      1519.5,
      -3076.7
     ],
     [
      1548.6,
      -2665.0
     ],
     [
      1591.3,
      -2312.1
     ],
     [
      2099.8,
      182.0
     ],
     [
      2131.4,
      411.6
     ],
     [
      2143.8,
      481.0
     ],
     [
      2163.4,
      569.3
     ],
     [
      2183.8,
      609.1
     ],
     [
      2208.6,
      646.5
     ],
     [
      2454.6,
      943.9
     ],
     [
      2510.4,
      998.6
     ],
     [
      2589.5,
      1042.9
     ],
     [
      3284.8,
      1251.4
     ],
     [
      3344.2,
      1266.0
     ],
     [
      3419.9,
      1270.2
     ],
     [
      3626.7,
      1268.1
     ],
     [
      4146.6,
      1270.1
     ],
     [
      4177.6,
      1275.0
     ],
     [
      4206.4,
      1284.5
     ],
     [
      4294.3,
      1318.9
     ],
     [
      4325.2,
      1340.2
     ],
     [
      4344.8,
      1358.2
     ],
     [
      4533.6,
      1581.5
     ],
     [
      4572.6,
      1610.9
     ],
     [
      5045.9,
      1854.7
     ],
     [
      5082.7,
      1881.5
     ],
     [
      5097.2,
      1899.9
     ],
     [
      5111.5,
      1931.0
     ],
     [
      5218.2,
      2299.0
     ],
     [
      5246.5,
      2385.4
     ],
     [
      5273.2,
      2425.3
     ],
     [
      5307.7,
      2459.8
     ],
     [
      5429.9,
      2557.2
     ],
     [
      5478.9,
      2586.2
     ],
     [
      5653.7,
      2653.9
     ],
     [
      5717.0,
      2684.6
     ],
     [
      5952.8,
      2838.3
     ],
     [
      6323.2,
      3072.9
     ],
     [
      6936.9,
      3476.9
     ],
     [
      6965.3,
      3488.7
     ],
     [
      6999.0,
      3496.4
     ],
     [
      7252.2,
      3511.5
     ],
     [
      7541.6,
      3556.7
     ],
     [
      7563.8,
      3561.1
     ],
     [
      7577.2,
      3568.8
     ],
     [
      7586.1,
      3584.0
     ],
     [
      7578.3,
      3935.3
     ],
     [
      7587.1,
      4053.4
     ],
     [
      7594.8,
      4104.3
     ],
     [
      7603.2,
      4134.7
     ],
     [
      7615.7,
      4162.4
     ],
     [
      7650.9,
      4210.2
     ],
     [
      7917.3,
      4469.4
     ],
     [
      8083.3,
      4625.9
     ],
     [
      8109.2,
      4656.0
     ],
     [
      8124.1,
      4680.8
     ],
     [
      8170.6,
      4781.5
     ],
     [
      8246.1,
      4932.3
     ],
     [
      8542.1,
      5558.6
     ],
     [
      8580.3,
      5613.0
     ],
     [
      8595.5,
      5629.2
     ],
     [
      8622.0,
      5654.2
     ],
     [
      8664.0,
      5686.6
     ],
     [
      8699.2,
      5708.1
     ],
     [
      8765.3,
      5736.6
     ],
     [
      8808.0,
      5747.4
     ],
     [
      8878.5,
      5755.0
     ],
     [
      8923.7,
      5753.4
     ],
     [
      9467.4,
      5673.6
     ],
     [
      9624.4,
      5644.4
     ],
     [
      9673.7,
      5632.3
     ],
     [
      9733.9,
      5611.2
     ],
     [
      9821.2,
      5573.7
     ],
     [
      9881.7,
      5539.4
     ],
     [
      9947.9,
      5495.3
     ],
     [
      9986.0,
      5465.0
     ],
     [
      10017.9,
      5433.7
     ],
     [
      10070.4,
      5373.3
     ],
     [
      10090.7,
      5341.4
     ],
     [
      10097.6,
      5323.8
     ],
     [
      10098.6,
      5301.5
     ],
     [
      10088.1,
      5279.5
     ],
     [
      10080.7,
      5272.1
     ],
     [
      10060.2,
      5262.5
     ],
     [
      10036.5,
      5260.9
     ],
     [
      10020.5,
      5265.7
     ],
     [
      9993.8,
      5282.3
     ],
     [
      9955.0,
      5350.5
     ],
     [
      9929.0,
      5414.3
     ],
     [
      9919.7,
      5449.8
     ],
     [
      9917.0,
      5473.7
     ],
     [
      9916.2,
      5501.1
     ],
     [
      9918.7,
      5542.5
     ],
     [
      9927.4,
      5599.4
     ],
     [
      9950.7,
      5671.2
     ],
     [
      9959.2,
      5687.5
     ],
     [
      9985.0,
      5722.0
     ],
     [
      10332.2,
      6114.4
     ],
     [
      10480.9,
      6273.8
     ],
     [
      10527.0,
      6333.4
     ],
     [
      10550.9,
      6357.0
     ],
     [
      10576.6,
      6368.4
     ],
     [
      10685.2,
      6346.4
     ],
     [
      10848.1,
      6303.6
     ],
     [
      11022.4,
      6254.0
     ],
     [
      11212.9,
      6193.2
     ],
     [
      11445.3,
      6127.0
     ],
     [
      11597.9,
      6095.8
     ],
     [
      11711.7,
      6076.1
     ],
     [
      11923.7,
      6046.9
     ],
     [
      12094.8,
      6024.3
     ],
     [
      12153.4,
      6020.1
     ],
     [
      12190.6,
      6022.0
     ],
     [
      12255.1,
      6033.1
     ],
     [
      12286.3,
      6042.0
     ],
     [
      12328.2,
      6059.7
     ],
     [
      12431.8,
      6030.2
     ],
     [
      12561.6,
      5987.6
     ],
     [
      12706.9,
      5934.3
     ],
     [
      12972.8,
      5843.5
     ],
     [
      12999.9,
      5829.3
     ],
     [
      13024.0,
      5805.5
     ],
     [
      13103.3,
      5683.0
     ],
     [
      13193.8,
      5595.9
     ],
     [
      13558.2,
      5117.3
     ],
     [
      13780.2,
      4835.0
     ],
     [
      13891.0,
      4729.8
     ],
     [
      13980.8,
      4759.7
     ],
     [
      14277.8,
      4847.6
     ],
     [
      14533.1,
      4343.5
     ],
     [
      14513.6,
      4305.4
     ],
     [
      14480.1,
      4258.1
     ],
     [
      14414.3,
      4123.3
     ],
     [
      14402.8,
      4085.7
     ],
     [
      14398.7,
      4045.1
     ],
     [
      14400.0,
      4021.1
     ],
     [
      14328.7,
      4061.6
     ],
     [
      14302.8,
      4063.4
     ],
     [
      14284.6,
      4052.5
     ],
     [
      14240.2,
      4011.6
     ],
     [
      14138.1,
      3875.7
     ],
     [
      14074.4,
      3755.6
     ],
     [
      14075.3,
      3751.7
     ],
     [
      14082.9,
      3747.8
     ],
     [
      14085.0,
      3752.0
     ]
    ]
   },
   "properties": {
    "id": "route-chekhov-domodedovo",
    "kind": "road",
    "name": "Трасса: Холодильный склад «Чехов» — РЦ «Домодедово»",
    "width_m": 10,
    "speed_limit_kmh": 70,
    "road_class": "public",
    "connects": [
     "s-chekhov",
     "s-domodedovo"
    ]
   }
  },
  {
   "type": "Feature",
   "id": "route-chekhov-podolsk",
   "geometry": {
    "type": "LineString",
    "coordinates": [
     [
      -5855.0,
      -29139.0
     ],
     [
      -5864.4,
      -29139.4
     ],
     [
      -5898.1,
      -28545.2
     ],
     [
      -5894.1,
      -28492.9
     ],
     [
      -5900.0,
      -28474.0
     ],
     [
      -5901.6,
      -28428.9
     ],
     [
      -5886.5,
      -28411.5
     ],
     [
      -5874.9,
      -28385.4
     ],
     [
      -5840.8,
      -28368.8
     ],
     [
      -5805.7,
      -28342.9
     ],
     [
      -5731.9,
      -28331.2
     ],
     [
      -5718.9,
      -28288.0
     ],
     [
      -5709.9,
      -28210.2
     ],
     [
      -5712.2,
      -28158.5
     ],
     [
      -5707.5,
      -28070.4
     ],
     [
      -5710.2,
      -28037.6
     ],
     [
      -5735.3,
      -27975.8
     ],
     [
      -5831.3,
      -27676.7
     ],
     [
      -5871.7,
      -27618.5
     ],
     [
      -5676.6,
      -27464.1
     ],
     [
      -5682.7,
      -27441.9
     ],
     [
      -5558.0,
      -27304.5
     ],
     [
      -5472.2,
      -27201.1
     ],
     [
      -5384.5,
      -27084.4
     ],
     [
      -5172.2,
      -26778.3
     ],
     [
      -5155.4,
      -26755.6
     ],
     [
      -5137.0,
      -26741.4
     ],
     [
      -5125.2,
      -26736.8
     ],
     [
      -5078.1,
      -26733.1
     ],
     [
      -4522.0,
      -26790.8
     ],
     [
      -3941.6,
      -26856.8
     ],
     [
      -3583.3,
      -26892.2
     ],
     [
      -3477.2,
      -26906.1
     ],
     [
      -3383.2,
      -26911.3
     ],
     [
      -3210.6,
      -26911.1
     ],
     [
      -2977.2,
      -26921.0
     ],
     [
      -2903.2,
      -26924.7
     ],
     [
      -2825.9,
      -26941.9
     ],
     [
      -2808.1,
      -26951.6
     ],
     [
      -2789.3,
      -26978.2
     ],
     [
      -2786.4,
      -26996.2
     ],
     [
      -2788.8,
      -27014.1
     ],
     [
      -2797.3,
      -27030.5
     ],
     [
      -2810.8,
      -27044.9
     ],
     [
      -2828.5,
      -27053.4
     ],
     [
      -2848.0,
      -27056.8
     ],
     [
      -2866.6,
      -27053.7
     ],
     [
      -2887.0,
      -27042.3
     ],
     [
      -2903.0,
      -27023.5
     ],
     [
      -2927.5,
      -26948.9
     ],
     [
      -2932.9,
      -26876.7
     ],
     [
      -2943.8,
      -26348.0
     ],
     [
      -2892.2,
      -24728.0
     ],
     [
      -2895.9,
      -24427.7
     ],
     [
      -2908.1,
      -24187.3
     ],
     [
      -2943.6,
      -23778.1
     ],
     [
      -3002.1,
      -23368.9
     ],
     [
      -3041.1,
      -23159.7
     ],
     [
      -3085.3,
      -22957.8
     ],
     [
      -3205.9,
      -22324.3
     ],
     [
      -3329.9,
      -21754.1
     ],
     [
      -3372.5,
      -21498.9
     ],
     [
      -3394.9,
      -21273.3
     ],
     [
      -3402.7,
      -21093.8
     ],
     [
      -3405.4,
      -20952.8
     ],
     [
      -3402.0,
      -20745.9
     ],
     [
      -3390.8,
      -20596.3
     ],
     [
      -3369.5,
      -20413.0
     ],
     [
      -3297.9,
      -20026.7
     ],
     [
      -3113.2,
      -19230.3
     ],
     [
      -2880.7,
      -18184.1
     ],
     [
      -2745.3,
      -17492.4
     ],
     [
      -2550.4,
      -16392.7
     ],
     [
      -2425.5,
      -15720.8
     ],
     [
      -2325.3,
      -15135.8
     ],
     [
      -2203.1,
      -14495.4
     ],
     [
      -2111.4,
      -14116.6
     ],
     [
      -2039.6,
      -13856.9
     ],
     [
      -1994.2,
      -13709.3
     ],
     [
      -1761.6,
      -12998.3
     ],
     [
      -1386.8,
      -11881.1
     ],
     [
      -1248.5,
      -11456.5
     ],
     [
      -1198.3,
      -11326.2
     ],
     [
      -1126.5,
      -11164.3
     ],
     [
      -1102.5,
      -11113.7
     ],
     [
      -1021.3,
      -10965.0
     ],
     [
      -976.2,
      -10890.1
     ],
     [
      -855.7,
      -10711.5
     ],
     [
      -776.7,
      -10606.2
     ],
     [
      -643.8,
      -10452.5
     ],
     [
      -474.0,
      -10282.2
     ],
     [
      -18.2,
      -9860.9
     ],
     [
      87.5,
      -9744.9
     ],
     [
      267.6,
      -9523.0
     ],
     [
      384.5,
      -9349.8
     ],
     [
      470.9,
      -9203.9
     ],
     [
      543.6,
      -9061.8
     ],
     [
      619.7,
      -8895.7
     ],
     [
      1179.0,
      -7485.4
     ],
     [
      1232.5,
      -7334.1
     ],
     [
      1295.4,
      -7131.7
     ],
     [
      1344.1,
      -6946.4
     ],
     [
      1392.1,
      -6733.5
     ],
     [
      1419.5,
      -6586.1
     ],
     [
      1457.6,
      -6315.8
     ],
     [
      1480.5,
      -6059.7
     ],
     [
      1490.9,
      -5802.4
     ],
     [
      1509.9,
      -3276.5
     ],
     [
      1537.5,
      -2793.8
     ],
     [
      1548.6,
      -2665.0
     ],
     [
      1569.9,
      -2551.5
     ],
     [
      1581.5,
      -2527.4
     ],
     [
      1600.2,
      -2503.0
     ],
     [
      1617.6,
      -2492.8
     ],
     [
      1631.9,
      -2488.6
     ],
     [
      1647.3,
      -2488.6
     ],
     [
      1664.0,
      -2493.5
     ],
     [
      1679.0,
      -2504.2
     ],
     [
      1692.3,
      -2520.1
     ],
     [
      1697.0,
      -2534.5
     ],
     [
      1698.1,
      -2551.3
     ],
     [
      1693.7,
      -2566.9
     ],
     [
      1678.6,
      -2590.3
     ],
     [
      1650.5,
      -2615.8
     ],
     [
      1583.4,
      -2655.1
     ],
     [
      1487.4,
      -2703.0
     ],
     [
      1231.4,
      -2831.9
     ],
     [
      1015.6,
      -2936.4
     ],
     [
      953.5,
      -2961.0
     ],
     [
      913.3,
      -2967.6
     ],
     [
      888.3,
      -2966.2
     ],
     [
      864.2,
      -2960.9
     ],
     [
      839.2,
      -2950.8
     ],
     [
      802.2,
      -2924.9
     ],
     [
      777.2,
      -2895.5
     ],
     [
      701.7,
      -2774.7
     ],
     [
      583.7,
      -2572.2
     ],
     [
      426.5,
      -2289.7
     ],
     [
      367.1,
      -2200.5
     ],
     [
      209.1,
      -1985.4
     ],
     [
      -19.7,
      -1715.2
     ],
     [
      -23.9,
      -1703.6
     ],
     [
      -23.3,
      -1690.2
     ],
     [
      -17.8,
      -1671.3
     ],
     [
      -22.7,
      -1652.4
     ],
     [
      -28.8,
      -1644.5
     ],
     [
      -46.0,
      -1635.1
     ],
     [
      -78.6,
      -1636.2
     ],
     [
      -89.7,
      -1630.4
     ],
     [
      -108.1,
      -1617.5
     ],
     [
      -136.7,
      -1585.6
     ],
     [
      64.8,
      -1394.8
     ],
     [
      201.9,
      -1271.5
     ],
     [
      279.5,
      -1187.5
     ],
     [
      174.4,
      -1101.0
     ],
     [
      75.3,
      -1011.5
     ],
     [
      20.8,
      -945.4
     ],
     [
      -24.7,
      -884.0
     ],
     [
      -129.5,
      -757.1
     ],
     [
      23.4,
      -635.3
     ],
     [
      102.7,
      -534.0
     ],
     [
      148.4,
      -465.9
     ],
     [
      166.3,
      -428.5
     ],
     [
      221.4,
      -218.7
     ],
     [
      223.0,
      -195.6
     ],
     [
      215.9,
      -176.8
     ],
     [
      -109.5,
      140.5
     ],
     [
      -145.2,
      164.9
     ],
     [
      -188.0,
      188.7
     ],
     [
      -120.6,
      251.9
     ],
     [
      -91.2,
      227.3
     ],
     [
      -70.0,
      249.7
     ],
     [
      -60.0,
      250.0
     ]
    ]
   },
   "properties": {
    "id": "route-chekhov-podolsk",
    "kind": "road",
    "name": "Трасса: Холодильный склад «Чехов» — Завод «Подольск»",
    "width_m": 10,
    "speed_limit_kmh": 70,
    "road_class": "public",
    "connects": [
     "s-chekhov",
     "s-podolsk"
    ]
   }
  },
  {
   "type": "Feature",
   "id": "route-domodedovo-podolsk",
   "geometry": {
    "type": "LineString",
    "coordinates": [
     [
      14085.0,
      3752.0
     ],
     [
      14082.9,
      3747.8
     ],
     [
      14075.3,
      3751.7
     ],
     [
      14074.4,
      3755.6
     ],
     [
      14138.1,
      3875.7
     ],
     [
      14240.2,
      4011.6
     ],
     [
      14284.6,
      4052.5
     ],
     [
      14302.8,
      4063.4
     ],
     [
      14328.7,
      4061.6
     ],
     [
      14400.0,
      4021.1
     ],
     [
      14398.7,
      4045.1
     ],
     [
      14402.8,
      4085.7
     ],
     [
      14414.3,
      4123.3
     ],
     [
      14480.1,
      4258.1
     ],
     [
      14513.6,
      4305.4
     ],
     [
      14533.1,
      4343.5
     ],
     [
      14277.8,
      4847.6
     ],
     [
      14056.8,
      4781.6
     ],
     [
      14026.7,
      4776.9
     ],
     [
      13950.0,
      4779.8
     ],
     [
      13851.7,
      4792.2
     ],
     [
      13818.8,
      4800.6
     ],
     [
      13780.2,
      4835.0
     ],
     [
      13558.2,
      5117.3
     ],
     [
      13193.8,
      5595.9
     ],
     [
      13103.3,
      5683.0
     ],
     [
      13024.0,
      5805.5
     ],
     [
      12999.9,
      5829.3
     ],
     [
      12987.6,
      5837.1
     ],
     [
      12561.6,
      5987.6
     ],
     [
      12431.8,
      6030.2
     ],
     [
      12328.2,
      6059.7
     ],
     [
      12286.3,
      6042.0
     ],
     [
      12255.1,
      6033.1
     ],
     [
      12190.6,
      6022.0
     ],
     [
      12153.4,
      6020.1
     ],
     [
      12094.8,
      6024.3
     ],
     [
      11923.7,
      6046.9
     ],
     [
      11711.7,
      6076.1
     ],
     [
      11597.9,
      6095.8
     ],
     [
      11445.3,
      6127.0
     ],
     [
      11212.9,
      6193.2
     ],
     [
      10971.2,
      6269.1
     ],
     [
      10749.1,
      6330.2
     ],
     [
      10611.0,
      6363.4
     ],
     [
      10588.7,
      6373.3
     ],
     [
      10577.1,
      6389.0
     ],
     [
      10579.7,
      6411.5
     ],
     [
      10612.3,
      6487.7
     ],
     [
      10631.8,
      6545.5
     ],
     [
      10635.0,
      6568.3
     ],
     [
      10629.8,
      6576.8
     ],
     [
      10622.6,
      6577.5
     ],
     [
      10613.3,
      6569.8
     ],
     [
      10588.1,
      6486.2
     ],
     [
      10550.1,
      6406.9
     ],
     [
      10528.7,
      6375.1
     ],
     [
      10462.3,
      6291.7
     ],
     [
      10029.7,
      5799.9
     ],
     [
      9970.3,
      5730.1
     ],
     [
      9947.2,
      5697.7
     ],
     [
      9896.9,
      5646.7
     ],
     [
      9860.3,
      5626.1
     ],
     [
      9818.2,
      5618.1
     ],
     [
      9767.6,
      5618.5
     ],
     [
      9610.4,
      5653.6
     ],
     [
      9016.7,
      5741.5
     ],
     [
      8902.3,
      5754.6
     ],
     [
      8832.2,
      5751.1
     ],
     [
      8765.3,
      5736.6
     ],
     [
      8699.2,
      5708.1
     ],
     [
      8664.0,
      5686.6
     ],
     [
      8622.0,
      5654.2
     ],
     [
      8580.3,
      5613.0
     ],
     [
      8553.9,
      5577.2
     ],
     [
      8526.2,
      5528.5
     ],
     [
      8246.1,
      4932.3
     ],
     [
      8170.6,
      4781.5
     ],
     [
      8124.1,
      4680.8
     ],
     [
      8109.2,
      4656.0
     ],
     [
      8083.3,
      4625.9
     ],
     [
      7917.3,
      4469.4
     ],
     [
      7650.9,
      4210.2
     ],
     [
      7615.7,
      4162.4
     ],
     [
      7603.2,
      4134.7
     ],
     [
      7594.8,
      4104.3
     ],
     [
      7587.1,
      4053.4
     ],
     [
      7578.3,
      3935.3
     ],
     [
      7586.1,
      3584.0
     ],
     [
      7577.2,
      3568.8
     ],
     [
      7563.8,
      3561.1
     ],
     [
      7541.6,
      3556.7
     ],
     [
      7252.2,
      3511.5
     ],
     [
      6999.0,
      3496.4
     ],
     [
      6965.3,
      3488.7
     ],
     [
      6936.9,
      3476.9
     ],
     [
      6323.2,
      3072.9
     ],
     [
      5952.8,
      2838.3
     ],
     [
      5717.0,
      2684.6
     ],
     [
      5653.7,
      2653.9
     ],
     [
      5478.9,
      2586.2
     ],
     [
      5429.9,
      2557.2
     ],
     [
      5307.7,
      2459.8
     ],
     [
      5273.2,
      2425.3
     ],
     [
      5246.5,
      2385.4
     ],
     [
      5218.2,
      2299.0
     ],
     [
      5111.5,
      1931.0
     ],
     [
      5097.2,
      1899.9
     ],
     [
      5082.7,
      1881.5
     ],
     [
      5045.9,
      1854.7
     ],
     [
      4572.6,
      1610.9
     ],
     [
      4533.6,
      1581.5
     ],
     [
      4344.8,
      1358.2
     ],
     [
      4325.2,
      1340.2
     ],
     [
      4294.3,
      1318.9
     ],
     [
      4206.4,
      1284.5
     ],
     [
      4177.6,
      1275.0
     ],
     [
      4146.6,
      1270.1
     ],
     [
      3626.7,
      1268.1
     ],
     [
      3419.9,
      1270.2
     ],
     [
      3344.2,
      1266.0
     ],
     [
      3284.8,
      1251.4
     ],
     [
      2589.5,
      1042.9
     ],
     [
      1980.0,
      856.1
     ],
     [
      1792.9,
      806.3
     ],
     [
      1708.4,
      792.4
     ],
     [
      1674.1,
      791.8
     ],
     [
      1543.7,
      794.8
     ],
     [
      1230.9,
      811.9
     ],
     [
      1186.8,
      806.7
     ],
     [
      705.3,
      683.8
     ],
     [
      605.1,
      664.4
     ],
     [
      557.6,
      661.4
     ],
     [
      535.4,
      664.8
     ],
     [
      500.4,
      677.0
     ],
     [
      465.9,
      693.8
     ],
     [
      229.4,
      844.2
     ],
     [
      215.5,
      856.2
     ],
     [
      203.1,
      873.6
     ],
     [
      156.3,
      955.0
     ],
     [
      30.3,
      1102.3
     ],
     [
      18.2,
      1112.8
     ],
     [
      -12.3,
      1130.1
     ],
     [
      -62.9,
      1136.9
     ],
     [
      -257.2,
      1124.2
     ],
     [
      -506.0,
      1158.6
     ],
     [
      -518.2,
      1155.6
     ],
     [
      -529.3,
      1143.2
     ],
     [
      -605.1,
      641.6
     ],
     [
      -647.1,
      514.1
     ],
     [
      -658.4,
      498.7
     ],
     [
      -550.1,
      444.1
     ],
     [
      -505.7,
      418.2
     ],
     [
      -410.4,
      316.4
     ],
     [
      -378.5,
      294.7
     ],
     [
      -188.0,
      188.7
     ],
     [
      -120.6,
      251.9
     ],
     [
      -91.2,
      227.3
     ],
     [
      -70.0,
      249.7
     ],
     [
      -60.0,
      250.0
     ]
    ]
   },
   "properties": {
    "id": "route-domodedovo-podolsk",
    "kind": "road",
    "name": "Трасса: РЦ «Домодедово» — Завод «Подольск»",
    "width_m": 10,
    "speed_limit_kmh": 70,
    "road_class": "public",
    "connects": [
     "s-domodedovo",
     "s-podolsk"
    ]
   }
  }
 ]
}
